Workbook

Sheet Sheet1
A1: Employee ID | B1: Name | C1: Department | D1: Country | E1: Salary | F1: Date of Joining | G1: Performance Rating | H1: Gender | I1: Email
A2: EMP1000 | C2: Finance | E2: N/A | G2: 2 | H2: Unknown | I2: invalid_email
A3: EMP1001 | B3: Eve Adams | C3: HR | D3: Germany | E3: 54255 | F3: 42015 | G3: 1 | H3: Other | I3: user106@example.com
A4: EMP1002 | B4: Alice Brown | C4: Finance | D4: Germany | E4: 63184 | F4: 42022 | G4: 2 | I4: user176@example.com
A5: EMP1003 | B5: John Doe | C5: Sales | D5: USA | E5: 94406 | F5: 42029 | G5: 1 | H5: Male | I5: user168@example.com
A6: EMP1004 | B6: Jane Smith | C6: Sales | D6: Germany | E6: 64120 | F6: 42036 | G6: 1 | H6: Male | I6: user49@example.com
A7: EMP1005 | B7: Alice Brown | C7: IT | D7: India | E7: 78421 | F7: 42043 | G7: 2 | H7: Female | I7: user24@example.com
A8: EMP1006 | B8: Sam Wilson | C8: Sales | E8: 67721 | F8: 42050 | H8: Male | I8: user168@example.com
A9: EMP1007 | B9: Chris Lee | C9: Marketing | E9: 35364 | F9: 42057 | G9: 2 | H9: Other | I9: user26@example.com
A10: EMP1008 | B10: Alice Brown | C10: IT | D10: Germany | E10: 97881 | F10: 42064 | H10: Female | I10: user25@example.com
A11: EMP1009 | B11: Chris Lee | C11: HR | D11: UK | E11: 91846 | F11: 42071 | H11: Male | I11: user153@example.com
A12: EMP1010 | B12: Sam Wilson | C12: Finance | D12: UK | E12: 64247 | F12: 42078 | G12: 1 | H12: Female | I12: user18@example.com
A13: EMP1011 | B13: Sam Wilson | C13: IT | D13: USA | E13: 91180 | F13: 42085 | G13: 5 | H13: Male | I13: user1@example.com
A14: EMP1012 | B14: Bob Johnson | C14: Sales | E14: 96418 | F14: 42092 | G14: 5 | H14: Male | I14: user106@example.com
A15: EMP1013 | B15: Sam Wilson | D15: India | E15: 62158 | F15: 42099 | G15: 4 | I15: user180@example.com
A16: EMP1014 | B16: Jane Smith | C16: HR | E16: 59894 | F16: 42106 | G16: 2 | H16: Male | I16: user184@example.com
A17: EMP1015 | C17: IT | D17: India | E17: 92443 | F17: 42113 | G17: 3 | H17: Other | I17: user3@example.com
A18: EMP1016 | B18: Bob Johnson | D18: Germany | E18: 90271 | F18: 42120 | I18: user64@example.com
A19: EMP1017 | B19: Jane Smith | C19: Finance | D19: Australia | E19: 41341 | F19: 42127 | G19: 1 | H19: Other | I19: user38@example.com
A20: EMP1018 | B20: Alice Brown | C20: Finance | D20: UK | E20: 73602 | F20: 42134 | I20: user96@example.com
A21: EMP1019 | B21: Eve Adams | D21: India | E21: 67531 | F21: 42141 | G21: 5 | H21: Female | I21: user151@example.com
A22: EMP1020 | B22: Jane Smith | C22: HR | D22: USA | E22: N/A | F22: 42148 | G22: 2 | H22: Other | I22: user200@example.com
A23: EMP1021 | B23: Jane Smith | C23: HR | E23: 98922 | F23: 42155 | G23: 4 | I23: user77@example.com
A24: EMP1022 | B24: Eve Adams | C24: Finance | D24: India | E24: 38333 | F24: 42162 | G24: 5 | I24: user128@example.com
A25: EMP1023 | B25: Alice Brown | C25: Marketing | D25: UK | E25: 36515 | F25: 42169 | G25: 3 | H25: Male | I25: user149@example.com
A26: EMP1024 | B26: Sam Wilson | C26: Finance | E26: 91005 | F26: 42176 | G26: 1 | H26: Other | I26: user122@example.com
A27: EMP1025 | B27: Chris Lee | E27: 52272 | F27: 42183 | G27: 3 | I27: user41@example.com
A28: EMP1026 | B28: Eve Adams | C28: Sales | D28: Germany | E28: 76518 | F28: 42190 | G28: 2 | H28: Female | I28: user68@example.com
A29: EMP1027 | B29: Alice Brown | C29: IT | D29: UK | E29: 41448 | F29: 42197 | G29: 3 | H29: Other | I29: user103@example.com
A30: EMP1028 | B30: John Doe | C30: HR | D30: UK | E30: 49282 | F30: 42204 | G30: 2 | H30: Female | I30: user135@example.com
A31: EMP1029 | B31: Bob Johnson | C31: Marketing | D31: UK | E31: 92959 | F31: 42211 | G31: 5 | I31: user83@example.com
A32: EMP1030 | C32: Marketing | E32: 92259 | G32: 1 | H32: Unknown | I32: user109@example.com
A33: EMP1031 | B33: Eve Adams | C33: HR | D33: Germany | E33: 92299 | F33: 42225 | G33: 3 | H33: Male | I33: user143@example.com
A34: EMP1032 | B34: Sam Wilson | C34: HR | E34: 95586 | F34: 42232 | G34: 3 | H34: Other | I34: user190@example.com
A35: EMP1033 | B35: Chris Lee | D35: USA | E35: 95367 | F35: 42239 | H35: Male | I35: user136@example.com
A36: EMP1034 | B36: John Doe | C36: Sales | D36: Australia | E36: 79549 | F36: 42246 | G36: 3 | I36: user198@example.com
A37: EMP1035 | B37: Alice Brown | D37: UK | E37: 54463 | F37: 42253 | G37: 4 | H37: Male | I37: invalid_email
A38: EMP1036 | B38: Alice Brown | C38: IT | D38: USA | E38: 89781 | F38: 42260 | H38: Female | I38: user31@example.com
A39: EMP1037 | B39: Alice Brown | C39: HR | E39: 64796 | F39: 42267 | H39: Other | I39: user98@example.com
A40: EMP1038 | B40: John Doe | C40: Marketing | D40: UK | E40: 52093 | F40: 42274 | G40: 5 | I40: user154@example.com
A41: EMP1039 | B41: Chris Lee | C41: HR | D41: UK | E41: 48224 | F41: 42281 | G41: 3 | I41: user42@example.com
A42: EMP1040 | B42: Bob Johnson | C42: Finance | D42: UK | E42: N/A | G42: 4 | H42: Female | I42: user89@example.com
A43: EMP1041 | B43: Alice Brown | C43: IT | D43: Germany | E43: 33956 | F43: 42295 | I43: user47@example.com
A44: EMP1042 | B44: Bob Johnson | D44: Australia | E44: 64913 | F44: 42302 | G44: 1 | H44: Female | I44: user175@example.com
A45: EMP1043 | B45: Alice Brown | C45: Marketing | D45: Australia | E45: 35326 | F45: 42309 | H45: Female | I45: user57@example.com
A46: EMP1044 | B46: Chris Lee | C46: Finance | E46: 81610 | F46: 42316 | G46: 1 | I46: user20@example.com
A47: EMP1045 | C47: HR | E47: 58962 | F47: 42323 | G47: 3 | H47: Other | I47: user106@example.com
A48: EMP1046 | B48: Chris Lee | C48: IT | D48: Germany | E48: 92701 | F48: 42330 | G48: 3 | H48: Other | I48: user199@example.com
A49: EMP1047 | B49: Chris Lee | C49: HR | D49: India | E49: 58245 | F49: 42337 | G49: 4 | I49: user43@example.com
A50: EMP1048 | B50: John Doe | C50: Finance | E50: 66513 | F50: 42344 | G50: 2 | H50: Other | I50: user24@example.com
A51: EMP1049 | B51: Eve Adams | C51: HR | D51: Germany | E51: 78720 | F51: 42351 | G51: 5 | H51: Female | I51: user89@example.com
A52: EMP1050 | B52: Chris Lee | E52: 30686 | G52: 2 | H52: Female | I52: user95@example.com
A53: EMP1051 | B53: Sam Wilson | C53: Sales | D53: India | E53: 39423 | F53: 42365 | G53: 5 | I53: user59@example.com
A54: EMP1052 | B54: Eve Adams | C54: Marketing | E54: 30280 | F54: 42372 | G54: 1 | I54: user152@example.com
A55: EMP1053 | B55: Eve Adams | C55: Finance | D55: UK | E55: 33352 | F55: 42379 | G55: 3 | H55: Female | I55: user200@example.com
A56: EMP1054 | B56: Bob Johnson | C56: Marketing | D56: UK | E56: 75633 | F56: 42386 | G56: 5 | H56: Other | I56: user92@example.com
A57: EMP1055 | B57: Chris Lee | D57: USA | E57: 74815 | F57: 42393 | G57: 5 | H57: Female | I57: user50@example.com
A58: EMP1056 | B58: John Doe | C58: Sales | D58: Australia | E58: 60011 | F58: 42400 | G58: 1 | H58: Male | I58: user63@example.com
A59: EMP1057 | B59: Eve Adams | D59: India | E59: 96949 | F59: 42407 | G59: 3 | I59: user103@example.com
A60: EMP1058 | B60: Sam Wilson | C60: Marketing | E60: 84924 | F60: 42414 | G60: 5 | H60: Male | I60: user150@example.com
A61: EMP1059 | B61: Sam Wilson | C61: Finance | D61: USA | E61: 82033 | F61: 42421 | G61: 1 | I61: user20@example.com
A62: EMP1060 | C62: Marketing | D62: Germany | E62: N/A | G62: 5 | H62: Unknown | I62: user112@example.com
A63: EMP1061 | B63: Eve Adams | D63: Australia | E63: 31499 | F63: 42435 | G63: 2 | I63: user31@example.com
A64: EMP1062 | B64: Chris Lee | C64: IT | D64: UK | E64: 97981 | F64: 42442 | G64: 5 | H64: Female | I64: user71@example.com
A65: EMP1063 | B65: Eve Adams | C65: HR | D65: USA | E65: 36541 | F65: 42449 | G65: 2 | H65: Other | I65: user97@example.com
A66: EMP1064 | B66: John Doe | C66: IT | D66: India | E66: 84737 | F66: 42456 | G66: 1 | H66: Male | I66: user141@example.com
A67: EMP1065 | B67: Sam Wilson | C67: Finance | D67: India | E67: 33468 | F67: 42463 | G67: 4 | H67: Male | I67: user125@example.com
A68: EMP1066 | B68: Sam Wilson | D68: Australia | E68: 96365 | F68: 42470 | G68: 3 | H68: Other | I68: user90@example.com
A69: EMP1067 | B69: Alice Brown | C69: Sales | D69: India | E69: 61942 | F69: 42477 | G69: 3 | H69: Female | I69: user192@example.com
A70: EMP1068 | B70: Sam Wilson | C70: Finance | D70: UK | E70: 41467 | F70: 42484 | G70: 2 | I70: user77@example.com
A71: EMP1069 | B71: Bob Johnson | C71: Finance | D71: India | E71: 77096 | F71: 42491 | G71: 1 | I71: user65@example.com
A72: EMP1070 | B72: Eve Adams | C72: Sales | D72: Australia | E72: 69952 | F72: 42498 | G72: 5 | H72: Female | I72: invalid_email
A73: EMP1071 | B73: Eve Adams | C73: Marketing | D73: USA | E73: 85065 | F73: 42505 | G73: 3 | I73: user142@example.com
A74: EMP1072 | B74: Bob Johnson | C74: Marketing | D74: India | E74: 56512 | F74: 42512 | H74: Other | I74: user153@example.com
A75: EMP1073 | B75: John Doe | C75: Sales | D75: India | E75: 91101 | F75: 42519 | G75: 4 | H75: Female | I75: user71@example.com
A76: EMP1074 | B76: Sam Wilson | D76: Germany | E76: 41243 | F76: 42526 | I76: user143@example.com
A77: EMP1075 | C77: Sales | E77: 96142 | F77: 42533 | G77: 1 | H77: Other | I77: user17@example.com
A78: EMP1076 | B78: Eve Adams | C78: IT | D78: India | E78: 94301 | F78: 42540 | G78: 1 | H78: Male | I78: user20@example.com
A79: EMP1077 | B79: Jane Smith | D79: UK | E79: 69166 | F79: 42547 | G79: 1 | H79: Female | I79: user22@example.com
A80: EMP1078 | B80: Sam Wilson | D80: UK | E80: 78245 | F80: 42554 | G80: 2 | I80: user46@example.com
A81: EMP1079 | B81: Chris Lee | C81: Sales | D81: USA | E81: 66079 | F81: 42561 | G81: 2 | H81: Other | I81: user55@example.com
A82: EMP1080 | B82: Eve Adams | C82: Marketing | D82: India | E82: N/A | I82: user135@example.com
A83: EMP1081 | B83: Jane Smith | C83: Sales | D83: USA | E83: 95621 | F83: 42575 | G83: 3 | H83: Female | I83: user156@example.com
A84: EMP1082 | B84: Eve Adams | C84: IT | D84: UK | E84: 42262 | F84: 42582 | G84: 1 | I84: user104@example.com
A85: EMP1083 | B85: Sam Wilson | C85: Sales | D85: India | E85: 99621 | F85: 42589 | H85: Other | I85: user145@example.com
A86: EMP1084 | B86: John Doe | C86: Marketing | D86: India | E86: 44682 | F86: 42596 | G86: 4 | H86: Female | I86: user47@example.com
A87: EMP1085 | B87: Chris Lee | C87: Finance | E87: 35163 | F87: 42603 | G87: 5 | H87: Other | I87: user197@example.com
A88: EMP1086 | B88: Chris Lee | C88: IT | D88: India | E88: 33483 | F88: 42610 | G88: 4 | H88: Male | I88: user177@example.com
A89: EMP1087 | B89: Sam Wilson | C89: HR | D89: Germany | E89: 55303 | F89: 42617 | G89: 4 | H89: Male | I89: user149@example.com
A90: EMP1088 | B90: Chris Lee | C90: IT | E90: 63434 | F90: 42624 | G90: 3 | I90: user48@example.com
A91: EMP1089 | B91: Jane Smith | D91: Australia | E91: 38830 | F91: 42631 | G91: 3 | H91: Other | I91: user149@example.com
A92: EMP1090 | C92: Marketing | D92: UK | E92: 50741 | F92: 42638 | G92: 3 | H92: Unknown | I92: user65@example.com
A93: EMP1091 | B93: Alice Brown | C93: HR | D93: Australia | E93: 69420 | F93: 42645 | G93: 1 | H93: Male | I93: user43@example.com
A94: EMP1092 | B94: Jane Smith | C94: IT | E94: 80588 | F94: 42652 | G94: 5 | H94: Male | I94: user98@example.com
A95: EMP1093 | B95: Alice Brown | D95: USA | E95: 76238 | F95: 42659 | G95: 4 | H95: Male | I95: user102@example.com
A96: EMP1094 | B96: Bob Johnson | C96: IT | D96: India | E96: 33264 | F96: 42666 | H96: Female | I96: user148@example.com
A97: EMP1095 | B97: Alice Brown | C97: Finance | D97: Australia | E97: 96101 | F97: 42673 | H97: Other | I97: user155@example.com
A98: EMP1096 | B98: Jane Smith | C98: Finance | D98: USA | E98: 72939 | F98: 42680 | G98: 3 | I98: user191@example.com
A99: EMP1097 | B99: Sam Wilson | C99: HR | D99: Germany | E99: 89333 | F99: 42687 | G99: 1 | H99: Male | I99: user113@example.com
A100: EMP1098 | B100: Bob Johnson | C100: IT | D100: Australia | E100: 70470 | F100: 42694 | H100: Male | I100: user62@example.com
...

Sheet Cleaned
A1: Employee Id | B1: Name | C1: Department | D1: Country | E1: Salary | F1: Date Of Joining | G1: Performance Rating | H1: Gender | I1: Email
A2: EMP1001 | B2: Eve Adams | C2: HR | D2: Germany | E2: 54255 | F2: 42015 | G2: 1 | H2: Other | I2: user106@example.com
A3: EMP1002 | B3: Alice Brown | C3: Finance | D3: Germany | E3: 63184 | F3: 42022 | G3: 2 | H3: Female | I3: user176@example.com
A4: EMP1003 | B4: John Doe | C4: Sales | D4: USA | E4: 94406 | F4: 42029 | G4: 1 | H4: Male | I4: user168@example.com
A5: EMP1004 | B5: Jane Smith | C5: Sales | D5: Germany | E5: 64120 | F5: 42036 | G5: 1 | H5: Male | I5: user49@example.com
A6: EMP1005 | B6: Alice Brown | C6: IT | D6: India | E6: 78421 | F6: 42043 | G6: 2 | H6: Female | I6: user24@example.com
A7: EMP1006 | B7: Sam Wilson | C7: Sales | D7: India | E7: 67721 | F7: 42050 | G7: 2 | H7: Male | I7: user168@example.com
A8: EMP1007 | B8: Chris Lee | C8: Marketing | D8: India | E8: 35364 | F8: 42057 | G8: 2 | H8: Other | I8: user26@example.com
A9: EMP1008 | B9: Alice Brown | C9: IT | D9: Germany | E9: 97881 | F9: 42064 | G9: 2 | H9: Female | I9: user25@example.com
A10: EMP1009 | B10: Chris Lee | C10: HR | D10: UK | E10: 91846 | F10: 42071 | G10: 2 | H10: Male | I10: user153@example.com
A11: EMP1010 | B11: Sam Wilson | C11: Finance | D11: UK | E11: 64247 | F11: 42078 | G11: 1 | H11: Female | I11: user18@example.com
A12: EMP1011 | B12: Sam Wilson | C12: IT | D12: USA | E12: 91180 | F12: 42085 | G12: 5 | H12: Male | I12: user1@example.com
A13: EMP1012 | B13: Bob Johnson | C13: Sales | D13: India | E13: 96418 | F13: 42092 | G13: 5 | H13: Male | I13: user106@example.com
... A142: EMP1149 | B142: Sam Wilson | C142: Marketing | D142: India | E142: 98475 | F142: 43051 | G142: 5 | H142: Other | I142: user30@example.com

Sheet VLookup
A1: Employee Id | B1: Name | C1: Department | D1: Country | E1: Salary | F1: Date Of Joining | G1: Performance Rating | H1: Gender | I1: Email
A2: EMP1001 | B2: =VLOOKUP($A2,Cleaned!$A$2:$I$142,2,FALSE) -> Eve Adams | C2: =VLOOKUP($A2,Cleaned!$A$2:$I$142,3,FALSE) -> HR | D2: =VLOOKUP($A2,Cleaned!$A$2:$I$142,4,FALSE) -> Germany | E2: =VLOOKUP($A2,Cleaned!$A$2:$I$142,5,FALSE) -> 54255 | F2: =VLOOKUP($A2,Cleaned!$A$2:$I$142,6,FALSE) -> 42015 | G2: =VLOOKUP($A2,Cleaned!$A$2:$I$142,7,FALSE) -> 1 | H2: =VLOOKUP($A2,Cleaned!$A$2:$I$142,8,FALSE) -> Other | I2: =VLOOKUP($A2,Cleaned!$A$2:$I$142,9,FALSE) -> user106@example.com
A3: EMP1002 | B3: =VLOOKUP($A3,Cleaned!$A$2:$I$142,2,FALSE) -> Alice Brown | C3: =VLOOKUP($A3,Cleaned!$A$2:$I$142,3,FALSE) -> Finance | D3: =VLOOKUP($A3,Cleaned!$A$2:$I$142,4,FALSE) -> Germany | E3: =VLOOKUP($A3,Cleaned!$A$2:$I$142,5,FALSE) -> 63184 | F3: =VLOOKUP($A3,Cleaned!$A$2:$I$142,6,FALSE) -> 42022 | G3: =VLOOKUP($A3,Cleaned!$A$2:$I$142,7,FALSE) -> 2 | H3: =VLOOKUP($A3,Cleaned!$A$2:$I$142,8,FALSE) -> Female | I3: =VLOOKUP($A3,Cleaned!$A$2:$I$142,9,FALSE) -> user176@example.com
A4: EMP1003 | B4: =VLOOKUP($A4,Cleaned!$A$2:$I$142,2,FALSE) -> John Doe | C4: =VLOOKUP($A4,Cleaned!$A$2:$I$142,3,FALSE) -> Sales | D4: =VLOOKUP($A4,Cleaned!$A$2:$I$142,4,FALSE) -> USA | E4: =VLOOKUP($A4,Cleaned!$A$2:$I$142,5,FALSE) -> 94406 | F4: =VLOOKUP($A4,Cleaned!$A$2:$I$142,6,FALSE) -> 42029 | G4: =VLOOKUP($A4,Cleaned!$A$2:$I$142,7,FALSE) -> 1 | H4: =VLOOKUP($A4,Cleaned!$A$2:$I$142,8,FALSE) -> Male | I4: =VLOOKUP($A4,Cleaned!$A$2:$I$142,9,FALSE) -> user168@example.com
A5: EMP1004 | B5: =VLOOKUP($A5,Cleaned!$A$2:$I$142,2,FALSE) -> Jane Smith | C5: =VLOOKUP($A5,Cleaned!$A$2:$I$142,3,FALSE) -> Sales | D5: =VLOOKUP($A5,Cleaned!$A$2:$I$142,4,FALSE) -> Germany | E5: =VLOOKUP($A5,Cleaned!$A$2:$I$142,5,FALSE) -> 64120 | F5: =VLOOKUP($A5,Cleaned!$A$2:$I$142,6,FALSE) -> 42036 | G5: =VLOOKUP($A5,Cleaned!$A$2:$I$142,7,FALSE) -> 1 | H5: =VLOOKUP($A5,Cleaned!$A$2:$I$142,8,FALSE) -> Male | I5: =VLOOKUP($A5,Cleaned!$A$2:$I$142,9,FALSE) -> user49@example.com
A6: EMP1005 | B6: =VLOOKUP($A6,Cleaned!$A$2:$I$142,2,FALSE) -> Alice Brown | C6: =VLOOKUP($A6,Cleaned!$A$2:$I$142,3,FALSE) -> IT | D6: =VLOOKUP($A6,Cleaned!$A$2:$I$142,4,FALSE) -> India | E6: =VLOOKUP($A6,Cleaned!$A$2:$I$142,5,FALSE) -> 78421 | F6: =VLOOKUP($A6,Cleaned!$A$2:$I$142,6,FALSE) -> 42043 | G6: =VLOOKUP($A6,Cleaned!$A$2:$I$142,7,FALSE) -> 2 | H6: =VLOOKUP($A6,Cleaned!$A$2:$I$142,8,FALSE) -> Female | I6: =VLOOKUP($A6,Cleaned!$A$2:$I$142,9,FALSE) -> user24@example.com
A7: EMP1006 | B7: =VLOOKUP($A7,Cleaned!$A$2:$I$142,2,FALSE) -> Sam Wilson | C7: =VLOOKUP($A7,Cleaned!$A$2:$I$142,3,FALSE) -> Sales | D7: =VLOOKUP($A7,Cleaned!$A$2:$I$142,4,FALSE) -> India | E7: =VLOOKUP($A7,Cleaned!$A$2:$I$142,5,FALSE) -> 67721 | F7: =VLOOKUP($A7,Cleaned!$A$2:$I$142,6,FALSE) -> 42050 | G7: =VLOOKUP($A7,Cleaned!$A$2:$I$142,7,FALSE) -> 2 | H7: =VLOOKUP($A7,Cleaned!$A$2:$I$142,8,FALSE) -> Male | I7: =VLOOKUP($A7,Cleaned!$A$2:$I$142,9,FALSE) -> user168@example.com
A8: EMP1007 | B8: =VLOOKUP($A8,Cleaned!$A$2:$I$142,2,FALSE) -> Chris Lee | C8: =VLOOKUP($A8,Cleaned!$A$2:$I$142,3,FALSE) -> Marketing | D8: =VLOOKUP($A8,Cleaned!$A$2:$I$142,4,FALSE) -> India | E8: =VLOOKUP($A8,Cleaned!$A$2:$I$142,5,FALSE) -> 35364 | F8: =VLOOKUP($A8,Cleaned!$A$2:$I$142,6,FALSE) -> 42057 | G8: =VLOOKUP($A8,Cleaned!$A$2:$I$142,7,FALSE) -> 2 | H8: =VLOOKUP($A8,Cleaned!$A$2:$I$142,8,FALSE) -> Other | I8: =VLOOKUP($A8,Cleaned!$A$2:$I$142,9,FALSE) -> user26@example.com
A9: EMP1008 | B9: =VLOOKUP($A9,Cleaned!$A$2:$I$142,2,FALSE) -> Alice Brown | C9: =VLOOKUP($A9,Cleaned!$A$2:$I$142,3,FALSE) -> IT | D9: =VLOOKUP($A9,Cleaned!$A$2:$I$142,4,FALSE) -> Germany | E9: =VLOOKUP($A9,Cleaned!$A$2:$I$142,5,FALSE) -> 97881 | F9: =VLOOKUP($A9,Cleaned!$A$2:$I$142,6,FALSE) -> 42064 | G9: =VLOOKUP($A9,Cleaned!$A$2:$I$142,7,FALSE) -> 2 | H9: =VLOOKUP($A9,Cleaned!$A$2:$I$142,8,FALSE) -> Female | I9: =VLOOKUP($A9,Cleaned!$A$2:$I$142,9,FALSE) -> user25@example.com
A10: EMP1009 | B10: =VLOOKUP($A10,Cleaned!$A$2:$I$142,2,FALSE) -> Chris Lee | C10: =VLOOKUP($A10,Cleaned!$A$2:$I$142,3,FALSE) -> HR | D10: =VLOOKUP($A10,Cleaned!$A$2:$I$142,4,FALSE) -> UK | E10: =VLOOKUP($A10,Cleaned!$A$2:$I$142,5,FALSE) -> 91846 | F10: =VLOOKUP($A10,Cleaned!$A$2:$I$142,6,FALSE) -> 42071 | G10: =VLOOKUP($A10,Cleaned!$A$2:$I$142,7,FALSE) -> 2 | H10: =VLOOKUP($A10,Cleaned!$A$2:$I$142,8,FALSE) -> Male | I10: =VLOOKUP($A10,Cleaned!$A$2:$I$142,9,FALSE) -> user153@example.com
A11: EMP1010 | B11: =VLOOKUP($A11,Cleaned!$A$2:$I$142,2,FALSE) -> Sam Wilson | C11: =VLOOKUP($A11,Cleaned!$A$2:$I$142,3,FALSE) -> Finance | D11: =VLOOKUP($A11,Cleaned!$A$2:$I$142,4,FALSE) -> UK | E11: =VLOOKUP($A11,Cleaned!$A$2:$I$142,5,FALSE) -> 64247 | F11: =VLOOKUP($A11,Cleaned!$A$2:$I$142,6,FALSE) -> 42078 | G11: =VLOOKUP($A11,Cleaned!$A$2:$I$142,7,FALSE) -> 1 | H11: =VLOOKUP($A11,Cleaned!$A$2:$I$142,8,FALSE) -> Female | I11: =VLOOKUP($A11,Cleaned!$A$2:$I$142,9,FALSE) -> user18@example.com
A12: EMP1011 | B12: =VLOOKUP($A12,Cleaned!$A$2:$I$142,2,FALSE) -> Sam Wilson | C12: =VLOOKUP($A12,Cleaned!$A$2:$I$142,3,FALSE) -> IT | D12: =VLOOKUP($A12,Cleaned!$A$2:$I$142,4,FALSE) -> USA | E12: =VLOOKUP($A12,Cleaned!$A$2:$I$142,5,FALSE) -> 91180 | F12: =VLOOKUP($A12,Cleaned!$A$2:$I$142,6,FALSE) -> 42085 | G12: =VLOOKUP($A12,Cleaned!$A$2:$I$142,7,FALSE) -> 5 | H12: =VLOOKUP($A12,Cleaned!$A$2:$I$142,8,FALSE) -> Male | I12: =VLOOKUP($A12,Cleaned!$A$2:$I$142,9,FALSE) -> user1@example.com
A13: EMP1012 | B13: =VLOOKUP($A13,Cleaned!$A$2:$I$142,2,FALSE) -> Bob Johnson | C13: =VLOOKUP($A13,Cleaned!$A$2:$I$142,3,FALSE) -> Sales | D13: =VLOOKUP($A13,Cleaned!$A$2:$I$142,4,FALSE) -> India | E13: =VLOOKUP($A13,Cleaned!$A$2:$I$142,5,FALSE) -> 96418 | F13: =VLOOKUP($A13,Cleaned!$A$2:$I$142,6,FALSE) -> 42092 | G13: =VLOOKUP($A13,Cleaned!$A$2:$I$142,7,FALSE) -> 5 | H13: =VLOOKUP($A13,Cleaned!$A$2:$I$142,8,FALSE) -> Male | I13: =VLOOKUP($A13,Cleaned!$A$2:$I$142,9,FALSE) -> user106@example.com
... A142: EMP1141 | B142: =VLOOKUP($A142,Cleaned!$A$2:$I$142,2,FALSE) -> Jane Smith | C142: =VLOOKUP($A142,Cleaned!$A$2:$I$142,3,FALSE) -> Marketing | D142: =VLOOKUP($A142,Cleaned!$A$2:$I$142,4,FALSE) -> USA | E142: =VLOOKUP($A142,Cleaned!$A$2:$I$142,5,FALSE) -> 66882 | F142: =VLOOKUP($A142,Cleaned!$A$2:$I$142,6,FALSE) -> 42995 | G142: =VLOOKUP($A142,Cleaned!$A$2:$I$142,7,FALSE) -> 5 | H142: =VLOOKUP($A142,Cleaned!$A$2:$I$142,8,FALSE) -> Other | I142: =VLOOKUP($A142,Cleaned!$A$2:$I$142,9,FALSE) -> user103@example.com
