Workbook

Sheet Sheet1
A1: Employee ID | B1: Name | C1: Department | D1: Country | E1: Salary | F1: Date of Joining | G1: Performance Rating | H1: Gender | I1: Email
A2: EMP1000 | C2: Finance | E2: N/A | G2: 2 | H2: Unknown | I2: invalid_email
A3: EMP1001 | B3: Eve Adams | C3: HR | D3: Germany | E3: 54255 | F3: 42015 | G3: 1 | H3: Other | I3: user106@example.com
A4: EMP1002 | B4: Alice Brown | C4: Finance | D4: Germany | E4: 63184 | F4: 42022 | G4: 2 | I4: user176@example.com
A5: EMP1003 | B5: John Doe | C5: Sales | D5: USA | E5: 94406 | F5: 42029 | G5: 1 | H5: Male | I5: user168@example.com
A6: EMP1004 | B6: Jane Smith | C6: Sales | D6: Germany | E6: 64120 | F6: 42036 | G6: 1 | H6: Male | I6: user49@example.com
A7: EMP1005 | B7: Alice Brown | C7: IT | D7: India | E7: 78421 | F7: 42043 | G7: 2 | H7: Female | I7: user24@example.com
A8: EMP1006 | B8: Sam Wilson | C8: Sales | E8: 67721 | F8: 42050 | H8: Male | I8: user168@example.com
A9: EMP1007 | B9: Chris Lee | C9: Marketing | E9: 35364 | F9: 42057 | G9: 2 | H9: Other | I9: user26@example.com
A10: EMP1008 | B10: Alice Brown | C10: IT | D10: Germany | E10: 97881 | F10: 42064 | H10: Female | I10: user25@example.com
A11: EMP1009 | B11: Chris Lee | C11: HR | D11: UK | E11: 91846 | F11: 42071 | H11: Male | I11: user153@example.com
A12: EMP1010 | B12: Sam Wilson | C12: Finance | D12: UK | E12: 64247 | F12: 42078 | G12: 1 | H12: Female | I12: user18@example.com
A13: EMP1011 | B13: Sam Wilson | C13: IT | D13: USA | E13: 91180 | F13: 42085 | G13: 5 | H13: Male | I13: user1@example.com
A14: EMP1012 | B14: Bob Johnson | C14: Sales | E14: 96418 | F14: 42092 | G14: 5 | H14: Male | I14: user106@example.com
A15: EMP1013 | B15: Sam Wilson | D15: India | E15: 62158 | F15: 42099 | G15: 4 | I15: user180@example.com
A16: EMP1014 | B16: Jane Smith | C16: HR | E16: 59894 | F16: 42106 | G16: 2 | H16: Male | I16: user184@example.com
A17: EMP1015 | C17: IT | D17: India | E17: 92443 | F17: 42113 | G17: 3 | H17: Other | I17: user3@example.com
A18: EMP1016 | B18: Bob Johnson | D18: Germany | E18: 90271 | F18: 42120 | I18: user64@example.com
A19: EMP1017 | B19: Jane Smith | C19: Finance | D19: Australia | E19: 41341 | F19: 42127 | G19: 1 | H19: Other | I19: user38@example.com
A20: EMP1018 | B20: Alice Brown | C20: Finance | D20: UK | E20: 73602 | F20: 42134 | I20: user96@example.com
A21: EMP1019 | B21: Eve Adams | D21: India | E21: 67531 | F21: 42141 | G21: 5 | H21: Female | I21: user151@example.com
A22: EMP1020 | B22: Jane Smith | C22: HR | D22: USA | E22: N/A | F22: 42148 | G22: 2 | H22: Other | I22: user200@example.com
A23: EMP1021 | B23: Jane Smith | C23: HR | E23: 98922 | F23: 42155 | G23: 4 | I23: user77@example.com
A24: EMP1022 | B24: Eve Adams | C24: Finance | D24: India | E24: 38333 | F24: 42162 | G24: 5 | I24: user128@example.com
A25: EMP1023 | B25: Alice Brown | C25: Marketing | D25: UK | E25: 36515 | F25: 42169 | G25: 3 | H25: Male | I25: user149@example.com
A26: EMP1024 | B26: Sam Wilson | C26: Finance | E26: 91005 | F26: 42176 | G26: 1 | H26: Other | I26: user122@example.com
A27: EMP1025 | B27: Chris Lee | E27: 52272 | F27: 42183 | G27: 3 | I27: user41@example.com
A28: EMP1026 | B28: Eve Adams | C28: Sales | D28: Germany | E28: 76518 | F28: 42190 | G28: 2 | H28: Female | I28: user68@example.com
A29: EMP1027 | B29: Alice Brown | C29: IT | D29: UK | E29: 41448 | F29: 42197 | G29: 3 | H29: Other | I29: user103@example.com
A30: EMP1028 | B30: John Doe | C30: HR | D30: UK | E30: 49282 | F30: 42204 | G30: 2 | H30: Female | I30: user135@example.com
A31: EMP1029 | B31: Bob Johnson | C31: Marketing | D31: UK | E31: 92959 | F31: 42211 | G31: 5 | I31: user83@example.com
A32: EMP1030 | C32: Marketing | E32: 92259 | G32: 1 | H32: Unknown | I32: user109@example.com
A33: EMP1031 | B33: Eve Adams | C33: HR | D33: Germany | E33: 92299 | F33: 42225 | G33: 3 | H33: Male | I33: user143@example.com
A34: EMP1032 | B34: Sam Wilson | C34: HR | E34: 95586 | F34: 42232 | G34: 3 | H34: Other | I34: user190@example.com
A35: EMP1033 | B35: Chris Lee | D35: USA | E35: 95367 | F35: 42239 | H35: Male | I35: user136@example.com
A36: EMP1034 | B36: John Doe | C36: Sales | D36: Australia | E36: 79549 | F36: 42246 | G36: 3 | I36: user198@example.com
A37: EMP1035 | B37: Alice Brown | D37: UK | E37: 54463 | F37: 42253 | G37: 4 | H37: Male | I37: invalid_email
A38: EMP1036 | B38: Alice Brown | C38: IT | D38: USA | E38: 89781 | F38: 42260 | H38: Female | I38: user31@example.com
A39: EMP1037 | B39: Alice Brown | C39: HR | E39: 64796 | F39: 42267 | H39: Other | I39: user98@example.com
A40: EMP1038 | B40: John Doe | C40: Marketing | D40: UK | E40: 52093 | F40: 42274 | G40: 5 | I40: user154@example.com
A41: EMP1039 | B41: Chris Lee | C41: HR | D41: UK | E41: 48224 | F41: 42281 | G41: 3 | I41: user42@example.com
A42: EMP1040 | B42: Bob Johnson | C42: Finance | D42: UK | E42: N/A | G42: 4 | H42: Female | I42: user89@example.com
A43: EMP1041 | B43: Alice Brown | C43: IT | D43: Germany | E43: 33956 | F43: 42295 | I43: user47@example.com
A44: EMP1042 | B44: Bob Johnson | D44: Australia | E44: 64913 | F44: 42302 | G44: 1 | H44: Female | I44: user175@example.com
A45: EMP1043 | B45: Alice Brown | C45: Marketing | D45: Australia | E45: 35326 | F45: 42309 | H45: Female | I45: user57@example.com
A46: EMP1044 | B46: Chris Lee | C46: Finance | E46: 81610 | F46: 42316 | G46: 1 | I46: user20@example.com
A47: EMP1045 | C47: HR | E47: 58962 | F47: 42323 | G47: 3 | H47: Other | I47: user106@example.com
A48: EMP1046 | B48: Chris Lee | C48: IT | D48: Germany | E48: 92701 | F48: 42330 | G48: 3 | H48: Other | I48: user199@example.com
A49: EMP1047 | B49: Chris Lee | C49: HR | D49: India | E49: 58245 | F49: 42337 | G49: 4 | I49: user43@example.com
A50: EMP1048 | B50: John Doe | C50: Finance | E50: 66513 | F50: 42344 | G50: 2 | H50: Other | I50: user24@example.com
A51: EMP1049 | B51: Eve Adams | C51: HR | D51: Germany | E51: 78720 | F51: 42351 | G51: 5 | H51: Female | I51: user89@example.com
A52: EMP1050 | B52: Chris Lee | E52: 30686 | G52: 2 | H52: Female | I52: user95@example.com
A53: EMP1051 | B53: Sam Wilson | C53: Sales | D53: India | E53: 39423 | F53: 42365 | G53: 5 | I53: user59@example.com
A54: EMP1052 | B54: Eve Adams | C54: Marketing | E54: 30280 | F54: 42372 | G54: 1 | I54: user152@example.com
A55: EMP1053 | B55: Eve Adams | C55: Finance | D55: UK | E55: 33352 | F55: 42379 | G55: 3 | H55: Female | I55: user200@example.com
A56: EMP1054 | B56: Bob Johnson | C56: Marketing | D56: UK | E56: 75633 | F56: 42386 | G56: 5 | H56: Other | I56: user92@example.com
A57: EMP1055 | B57: Chris Lee | D57: USA | E57: 74815 | F57: 42393 | G57: 5 | H57: Female | I57: user50@example.com
A58: EMP1056 | B58: John Doe | C58: Sales | D58: Australia | E58: 60011 | F58: 42400 | G58: 1 | H58: Male | I58: user63@example.com
A59: EMP1057 | B59: Eve Adams | D59: India | E59: 96949 | F59: 42407 | G59: 3 | I59: user103@example.com
A60: EMP1058 | B60: Sam Wilson | C60: Marketing | E60: 84924 | F60: 42414 | G60: 5 | H60: Male | I60: user150@example.com
A61: EMP1059 | B61: Sam Wilson | C61: Finance | D61: USA | E61: 82033 | F61: 42421 | G61: 1 | I61: user20@example.com
A62: EMP1060 | C62: Marketing | D62: Germany | E62: N/A | G62: 5 | H62: Unknown | I62: user112@example.com
A63: EMP1061 | B63: Eve Adams | D63: Australia | E63: 31499 | F63: 42435 | G63: 2 | I63: user31@example.com
A64: EMP1062 | B64: Chris Lee | C64: IT | D64: UK | E64: 97981 | F64: 42442 | G64: 5 | H64: Female | I64: user71@example.com
A65: EMP1063 | B65: Eve Adams | C65: HR | D65: USA | E65: 36541 | F65: 42449 | G65: 2 | H65: Other | I65: user97@example.com
A66: EMP1064 | B66: John Doe | C66: IT | D66: India | E66: 84737 | F66: 42456 | G66: 1 | H66: Male | I66: user141@example.com
A67: EMP1065 | B67: Sam Wilson | C67: Finance | D67: India | E67: 33468 | F67: 42463 | G67: 4 | H67: Male | I67: user125@example.com
A68: EMP1066 | B68: Sam Wilson | D68: Australia | E68: 96365 | F68: 42470 | G68: 3 | H68: Other | I68: user90@example.com
A69: EMP1067 | B69: Alice Brown | C69: Sales | D69: India | E69: 61942 | F69: 42477 | G69: 3 | H69: Female | I69: user192@example.com
A70: EMP1068 | B70: Sam Wilson | C70: Finance | D70: UK | E70: 41467 | F70: 42484 | G70: 2 | I70: user77@example.com
A71: EMP1069 | B71: Bob Johnson | C71: Finance | D71: India | E71: 77096 | F71: 42491 | G71: 1 | I71: user65@example.com
A72: EMP1070 | B72: Eve Adams | C72: Sales | D72: Australia | E72: 69952 | F72: 42498 | G72: 5 | H72: Female | I72: invalid_email
A73: EMP1071 | B73: Eve Adams | C73: Marketing | D73: USA | E73: 85065 | F73: 42505 | G73: 3 | I73: user142@example.com
A74: EMP1072 | B74: Bob Johnson | C74: Marketing | D74: India | E74: 56512 | F74: 42512 | H74: Other | I74: user153@example.com
A75: EMP1073 | B75: John Doe | C75: Sales | D75: India | E75: 91101 | F75: 42519 | G75: 4 | H75: Female | I75: user71@example.com
A76: EMP1074 | B76: Sam Wilson | D76: Germany | E76: 41243 | F76: 42526 | I76: user143@example.com
A77: EMP1075 | C77: Sales | E77: 96142 | F77: 42533 | G77: 1 | H77: Other | I77: user17@example.com
A78: EMP1076 | B78: Eve Adams | C78: IT | D78: India | E78: 94301 | F78: 42540 | G78: 1 | H78: Male | I78: user20@example.com
A79: EMP1077 | B79: Jane Smith | D79: UK | E79: 69166 | F79: 42547 | G79: 1 | H79: Female | I79: user22@example.com
A80: EMP1078 | B80: Sam Wilson | D80: UK | E80: 78245 | F80: 42554 | G80: 2 | I80: user46@example.com
A81: EMP1079 | B81: Chris Lee | C81: Sales | D81: USA | E81: 66079 | F81: 42561 | G81: 2 | H81: Other | I81: user55@example.com
A82: EMP1080 | B82: Eve Adams | C82: Marketing | D82: India | E82: N/A | I82: user135@example.com
A83: EMP1081 | B83: Jane Smith | C83: Sales | D83: USA | E83: 95621 | F83: 42575 | G83: 3 | H83: Female | I83: user156@example.com
A84: EMP1082 | B84: Eve Adams | C84: IT | D84: UK | E84: 42262 | F84: 42582 | G84: 1 | I84: user104@example.com
A85: EMP1083 | B85: Sam Wilson | C85: Sales | D85: India | E85: 99621 | F85: 42589 | H85: Other | I85: user145@example.com
A86: EMP1084 | B86: John Doe | C86: Marketing | D86: India | E86: 44682 | F86: 42596 | G86: 4 | H86: Female | I86: user47@example.com
A87: EMP1085 | B87: Chris Lee | C87: Finance | E87: 35163 | F87: 42603 | G87: 5 | H87: Other | I87: user197@example.com
A88: EMP1086 | B88: Chris Lee | C88: IT | D88: India | E88: 33483 | F88: 42610 | G88: 4 | H88: Male | I88: user177@example.com
A89: EMP1087 | B89: Sam Wilson | C89: HR | D89: Germany | E89: 55303 | F89: 42617 | G89: 4 | H89: Male | I89: user149@example.com
A90: EMP1088 | B90: Chris Lee | C90: IT | E90: 63434 | F90: 42624 | G90: 3 | I90: user48@example.com
A91: EMP1089 | B91: Jane Smith | D91: Australia | E91: 38830 | F91: 42631 | G91: 3 | H91: Other | I91: user149@example.com
A92: EMP1090 | C92: Marketing | D92: UK | E92: 50741 | F92: 42638 | G92: 3 | H92: Unknown | I92: user65@example.com
A93: EMP1091 | B93: Alice Brown | C93: HR | D93: Australia | E93: 69420 | F93: 42645 | G93: 1 | H93: Male | I93: user43@example.com
A94: EMP1092 | B94: Jane Smith | C94: IT | E94: 80588 | F94: 42652 | G94: 5 | H94: Male | I94: user98@example.com
A95: EMP1093 | B95: Alice Brown | D95: USA | E95: 76238 | F95: 42659 | G95: 4 | H95: Male | I95: user102@example.com
A96: EMP1094 | B96: Bob Johnson | C96: IT | D96: India | E96: 33264 | F96: 42666 | H96: Female | I96: user148@example.com
A97: EMP1095 | B97: Alice Brown | C97: Finance | D97: Australia | E97: 96101 | F97: 42673 | H97: Other | I97: user155@example.com
A98: EMP1096 | B98: Jane Smith | C98: Finance | D98: USA | E98: 72939 | F98: 42680 | G98: 3 | I98: user191@example.com
A99: EMP1097 | B99: Sam Wilson | C99: HR | D99: Germany | E99: 89333 | F99: 42687 | G99: 1 | H99: Male | I99: user113@example.com
A100: EMP1098 | B100: Bob Johnson | C100: IT | D100: Australia | E100: 70470 | F100: 42694 | H100: Male | I100: user62@example.com
...

Sheet Data Cleaning
A1: Employee ID | B1: Name | C1: Name2 | D1: Department | E1: Department2 | F1: Country | G1: Country2 | H1: Salary | I1: Salary2 | J1: Date of Joining | K1: Date of joining2 | L1: Performance Rating | M1: Performance Rating2 | N1: Gender | O1: Gender2 | P1: Email
A2: EMP1001 | B2: Eve Adams | C2: =IF(B2="","Unknown",B2) -> Eve Adams | D2: HR | E2: =IF(D2="","Marketing",D2) -> HR | F2: Germany | G2: =IF(F2="","India",F2) -> Germany | H2: 54255 | I2: =IF(H2="N/A",AVERAGEIF($E$2:$E$142,E2,$H$2:$H$142),H2) -> 54255 | J2: 42015 | K2: =IF(J2="","N/A",J2) -> 42015 | L2: 1 | M2: =IF(L2="",2,L2) -> 1 | N2: Other | O2: =IF(N2="","Female",N2) -> Other | P2: user106@example.com
A3: EMP1002 | B3: Alice Brown | C3: =IF(B3="","Unknown",B3) -> Alice Brown | D3: Finance | E3: =IF(D3="","Marketing",D3) -> Finance | F3: Germany | G3: =IF(F3="","India",F3) -> Germany | H3: 63184 | I3: =IF(H3="N/A",AVERAGEIF($E$2:$E$142,E3,$H$2:$H$142),H3) -> 63184 | J3: 42022 | K3: =IF(J3="","N/A",J3) -> 42022 | L3: 2 | M3: =IF(L3="",2,L3) -> 2 | O3: =IF(N3="","Female",N3) -> Female | P3: user176@example.com
A4: EMP1003 | B4: John Doe | C4: =IF(B4="","Unknown",B4) -> John Doe | D4: Sales | E4: =IF(D4="","Marketing",D4) -> Sales | F4: USA | G4: =IF(F4="","India",F4) -> USA | H4: 94406 | I4: =IF(H4="N/A",AVERAGEIF($E$2:$E$142,E4,$H$2:$H$142),H4) -> 94406 | J4: 42029 | K4: =IF(J4="","N/A",J4) -> 42029 | L4: 1 | M4: =IF(L4="",2,L4) -> 1 | N4: Male | O4: =IF(N4="","Female",N4) -> Male | P4: user168@example.com
A5: EMP1004 | B5: Jane Smith | C5: =IF(B5="","Unknown",B5) -> Jane Smith | D5: Sales | E5: =IF(D5="","Marketing",D5) -> Sales | F5: Germany | G5: =IF(F5="","India",F5) -> Germany | H5: 64120 | I5: =IF(H5="N/A",AVERAGEIF($E$2:$E$142,E5,$H$2:$H$142),H5) -> 64120 | J5: 42036 | K5: =IF(J5="","N/A",J5) -> 42036 | L5: 1 | M5: =IF(L5="",2,L5) -> 1 | N5: Male | O5: =IF(N5="","Female",N5) -> Male | P5: user49@example.com
A6: EMP1005 | B6: Alice Brown | C6: =IF(B6="","Unknown",B6) -> Alice Brown | D6: IT | E6: =IF(D6="","Marketing",D6) -> IT | F6: India | G6: =IF(F6="","India",F6) -> India | H6: 78421 | I6: =IF(H6="N/A",AVERAGEIF($E$2:$E$142,E6,$H$2:$H$142),H6) -> 78421 | J6: 42043 | K6: =IF(J6="","N/A",J6) -> 42043 | L6: 2 | M6: =IF(L6="",2,L6) -> 2 | N6: Female | O6: =IF(N6="","Female",N6) -> Female | P6: user24@example.com
A7: EMP1006 | B7: Sam Wilson | C7: =IF(B7="","Unknown",B7) -> Sam Wilson | D7: Sales | E7: =IF(D7="","Marketing",D7) -> Sales | G7: =IF(F7="","India",F7) -> India | H7: 67721 | I7: =IF(H7="N/A",AVERAGEIF($E$2:$E$142,E7,$H$2:$H$142),H7) -> 67721 | J7: 42050 | K7: =IF(J7="","N/A",J7) -> 42050 | M7: =IF(L7="",2,L7) -> 2 | N7: Male | O7: =IF(N7="","Female",N7) -> Male | P7: user168@example.com
A8: EMP1007 | B8: Chris Lee | C8: =IF(B8="","Unknown",B8) -> Chris Lee | D8: Marketing | E8: =IF(D8="","Marketing",D8) -> Marketing | G8: =IF(F8="","India",F8) -> India | H8: 35364 | I8: =IF(H8="N/A",AVERAGEIF($E$2:$E$142,E8,$H$2:$H$142),H8) -> 35364 | J8: 42057 | K8: =IF(J8="","N/A",J8) -> 42057 | L8: 2 | M8: =IF(L8="",2,L8) -> 2 | N8: Other | O8: =IF(N8="","Female",N8) -> Other | P8: user26@example.com
A9: EMP1008 | B9: Alice Brown | C9: =IF(B9="","Unknown",B9) -> Alice Brown | D9: IT | E9: =IF(D9="","Marketing",D9) -> IT | F9: Germany | G9: =IF(F9="","India",F9) -> Germany | H9: 97881 | I9: =IF(H9="N/A",AVERAGEIF($E$2:$E$142,E9,$H$2:$H$142),H9) -> 97881 | J9: 42064 | K9: =IF(J9="","N/A",J9) -> 42064 | M9: =IF(L9="",2,L9) -> 2 | N9: Female | O9: =IF(N9="","Female",N9) -> Female | P9: user25@example.com
A10: EMP1009 | B10: Chris Lee | C10: =IF(B10="","Unknown",B10) -> Chris Lee | D10: HR | E10: =IF(D10="","Marketing",D10) -> HR | F10: UK | G10: =IF(F10="","India",F10) -> UK | H10: 91846 | I10: =IF(H10="N/A",AVERAGEIF($E$2:$E$142,E10,$H$2:$H$142),H10) -> 91846 | J10: 42071 | K10: =IF(J10="","N/A",J10) -> 42071 | M10: =IF(L10="",2,L10) -> 2 | N10: Male | O10: =IF(N10="","Female",N10) -> Male | P10: user153@example.com
A11: EMP1010 | B11: Sam Wilson | C11: =IF(B11="","Unknown",B11) -> Sam Wilson | D11: Finance | E11: =IF(D11="","Marketing",D11) -> Finance | F11: UK | G11: =IF(F11="","India",F11) -> UK | H11: 64247 | I11: =IF(H11="N/A",AVERAGEIF($E$2:$E$142,E11,$H$2:$H$142),H11) -> 64247 | J11: 42078 | K11: =IF(J11="","N/A",J11) -> 42078 | L11: 1 | M11: =IF(L11="",2,L11) -> 1 | N11: Female | O11: =IF(N11="","Female",N11) -> Female | P11: user18@example.com
A12: EMP1011 | B12: Sam Wilson | C12: =IF(B12="","Unknown",B12) -> Sam Wilson | D12: IT | E12: =IF(D12="","Marketing",D12) -> IT | F12: USA | G12: =IF(F12="","India",F12) -> USA | H12: 91180 | I12: =IF(H12="N/A",AVERAGEIF($E$2:$E$142,E12,$H$2:$H$142),H12) -> 91180 | J12: 42085 | K12: =IF(J12="","N/A",J12) -> 42085 | L12: 5 | M12: =IF(L12="",2,L12) -> 5 | N12: Male | O12: =IF(N12="","Female",N12) -> Male | P12: user1@example.com
A13: EMP1012 | B13: Bob Johnson | C13: =IF(B13="","Unknown",B13) -> Bob Johnson | D13: Sales | E13: =IF(D13="","Marketing",D13) -> Sales | G13: =IF(F13="","India",F13) -> India | H13: 96418 | I13: =IF(H13="N/A",AVERAGEIF($E$2:$E$142,E13,$H$2:$H$142),H13) -> 96418 | J13: 42092 | K13: =IF(J13="","N/A",J13) -> 42092 | L13: 5 | M13: =IF(L13="",2,L13) -> 5 | N13: Male | O13: =IF(N13="","Female",N13) -> Male | P13: user106@example.com
A14: EMP1013 | B14: Sam Wilson | C14: =IF(B14="","Unknown",B14) -> Sam Wilson | E14: =IF(D14="","Marketing",D14) -> Marketing | F14: India | G14: =IF(F14="","India",F14) -> India | H14: 62158 | I14: =IF(H14="N/A",AVERAGEIF($E$2:$E$142,E14,$H$2:$H$142),H14) -> 62158 | J14: 42099 | K14: =IF(J14="","N/A",J14) -> 42099 | L14: 4 | M14: =IF(L14="",2,L14) -> 4 | O14: =IF(N14="","Female",N14) -> Female | P14: user180@example.com
A15: EMP1014 | B15: Jane Smith | C15: =IF(B15="","Unknown",B15) -> Jane Smith | D15: HR | E15: =IF(D15="","Marketing",D15) -> HR | G15: =IF(F15="","India",F15) -> India | H15: 59894 | I15: =IF(H15="N/A",AVERAGEIF($E$2:$E$142,E15,$H$2:$H$142),H15) -> 59894 | J15: 42106 | K15: =IF(J15="","N/A",J15) -> 42106 | L15: 2 | M15: =IF(L15="",2,L15) -> 2 | N15: Male | O15: =IF(N15="","Female",N15) -> Male | P15: user184@example.com
A16: EMP1015 | C16: =IF(B16="","Unknown",B16) -> Unknown | D16: IT | E16: =IF(D16="","Marketing",D16) -> IT | F16: India | G16: =IF(F16="","India",F16) -> India | H16: 92443 | I16: =IF(H16="N/A",AVERAGEIF($E$2:$E$142,E16,$H$2:$H$142),H16) -> 92443 | J16: 42113 | K16: =IF(J16="","N/A",J16) -> 42113 | L16: 3 | M16: =IF(L16="",2,L16) -> 3 | N16: Other | O16: =IF(N16="","Female",N16) -> Other | P16: user3@example.com
A17: EMP1016 | B17: Bob Johnson | C17: =IF(B17="","Unknown",B17) -> Bob Johnson | E17: =IF(D17="","Marketing",D17) -> Marketing | F17: Germany | G17: =IF(F17="","India",F17) -> Germany | H17: 90271 | I17: =IF(H17="N/A",AVERAGEIF($E$2:$E$142,E17,$H$2:$H$142),H17) -> 90271 | J17: 42120 | K17: =IF(J17="","N/A",J17) -> 42120 | M17: =IF(L17="",2,L17) -> 2 | O17: =IF(N17="","Female",N17) -> Female | P17: user64@example.com
A18: EMP1017 | B18: Jane Smith | C18: =IF(B18="","Unknown",B18) -> Jane Smith | D18: Finance | E18: =IF(D18="","Marketing",D18) -> Finance | F18: Australia | G18: =IF(F18="","India",F18) -> Australia | H18: 41341 | I18: =IF(H18="N/A",AVERAGEIF($E$2:$E$142,E18,$H$2:$H$142),H18) -> 41341 | J18: 42127 | K18: =IF(J18="","N/A",J18) -> 42127 | L18: 1 | M18: =IF(L18="",2,L18) -> 1 | N18: Other | O18: =IF(N18="","Female",N18) -> Other | P18: user38@example.com
A19: EMP1018 | B19: Alice Brown | C19: =IF(B19="","Unknown",B19) -> Alice Brown | D19: Finance | E19: =IF(D19="","Marketing",D19) -> Finance | F19: UK | G19: =IF(F19="","India",F19) -> UK | H19: 73602 | I19: =IF(H19="N/A",AVERAGEIF($E$2:$E$142,E19,$H$2:$H$142),H19) -> 73602 | J19: 42134 | K19: =IF(J19="","N/A",J19) -> 42134 | M19: =IF(L19="",2,L19) -> 2 | O19: =IF(N19="","Female",N19) -> Female | P19: user96@example.com
A20: EMP1019 | B20: Eve Adams | C20: =IF(B20="","Unknown",B20) -> Eve Adams | E20: =IF(D20="","Marketing",D20) -> Marketing | F20: India | G20: =IF(F20="","India",F20) -> India | H20: 67531 | I20: =IF(H20="N/A",AVERAGEIF($E$2:$E$142,E20,$H$2:$H$142),H20) -> 67531 | J20: 42141 | K20: =IF(J20="","N/A",J20) -> 42141 | L20: 5 | M20: =IF(L20="",2,L20) -> 5 | N20: Female | O20: =IF(N20="","Female",N20) -> Female | P20: user151@example.com
A21: EMP1020 | B21: Jane Smith | C21: =IF(B21="","Unknown",B21) -> Jane Smith | D21: HR | E21: =IF(D21="","Marketing",D21) -> HR | F21: USA | G21: =IF(F21="","India",F21) -> USA | H21: N/A | I21: =IF(H21="N/A",AVERAGEIF($E$2:$E$142,E21,$H$2:$H$142),H21) -> 67834.565 | J21: 42148 | K21: =IF(J21="","N/A",J21) -> 42148 | L21: 2 | M21: =IF(L21="",2,L21) -> 2 | N21: Other | O21: =IF(N21="","Female",N21) -> Other | P21: user200@example.com
A22: EMP1021 | B22: Jane Smith | C22: =IF(B22="","Unknown",B22) -> Jane Smith | D22: HR | E22: =IF(D22="","Marketing",D22) -> HR | G22: =IF(F22="","India",F22) -> India | H22: 98922 | I22: =IF(H22="N/A",AVERAGEIF($E$2:$E$142,E22,$H$2:$H$142),H22) -> 98922 | J22: 42155 | K22: =IF(J22="","N/A",J22) -> 42155 | L22: 4 | M22: =IF(L22="",2,L22) -> 4 | O22: =IF(N22="","Female",N22) -> Female | P22: user77@example.com
A23: EMP1022 | B23: Eve Adams | C23: =IF(B23="","Unknown",B23) -> Eve Adams | D23: Finance | E23: =IF(D23="","Marketing",D23) -> Finance | F23: India | G23: =IF(F23="","India",F23) -> India | H23: 38333 | I23: =IF(H23="N/A",AVERAGEIF($E$2:$E$142,E23,$H$2:$H$142),H23) -> 38333 | J23: 42162 | K23: =IF(J23="","N/A",J23) -> 42162 | L23: 5 | M23: =IF(L23="",2,L23) -> 5 | O23: =IF(N23="","Female",N23) -> Female | P23: user128@example.com
A24: EMP1023 | B24: Alice Brown | C24: =IF(B24="","Unknown",B24) -> Alice Brown | D24: Marketing | E24: =IF(D24="","Marketing",D24) -> Marketing | F24: UK | G24: =IF(F24="","India",F24) -> UK | H24: 36515 | I24: =IF(H24="N/A",AVERAGEIF($E$2:$E$142,E24,$H$2:$H$142),H24) -> 36515 | J24: 42169 | K24: =IF(J24="","N/A",J24) -> 42169 | L24: 3 | M24: =IF(L24="",2,L24) -> 3 | N24: Male | O24: =IF(N24="","Female",N24) -> Male | P24: user149@example.com
A25: EMP1024 | B25: Sam Wilson | C25: =IF(B25="","Unknown",B25) -> Sam Wilson | D25: Finance | E25: =IF(D25="","Marketing",D25) -> Finance | G25: =IF(F25="","India",F25) -> India | H25: 91005 | I25: =IF(H25="N/A",AVERAGEIF($E$2:$E$142,E25,$H$2:$H$142),H25) -> 91005 | J25: 42176 | K25: =IF(J25="","N/A",J25) -> 42176 | L25: 1 | M25: =IF(L25="",2,L25) -> 1 | N25: Other | O25: =IF(N25="","Female",N25) -> Other | P25: user122@example.com
A26: EMP1025 | B26: Chris Lee | C26: =IF(B26="","Unknown",B26) -> Chris Lee | E26: =IF(D26="","Marketing",D26) -> Marketing | G26: =IF(F26="","India",F26) -> India | H26: 52272 | I26: =IF(H26="N/A",AVERAGEIF($E$2:$E$142,E26,$H$2:$H$142),H26) -> 52272 | J26: 42183 | K26: =IF(J26="","N/A",J26) -> 42183 | L26: 3 | M26: =IF(L26="",2,L26) -> 3 | O26: =IF(N26="","Female",N26) -> Female | P26: user41@example.com
A27: EMP1026 | B27: Eve Adams | C27: =IF(B27="","Unknown",B27) -> Eve Adams | D27: Sales | E27: =IF(D27="","Marketing",D27) -> Sales | F27: Germany | G27: =IF(F27="","India",F27) -> Germany | H27: 76518 | I27: =IF(H27="N/A",AVERAGEIF($E$2:$E$142,E27,$H$2:$H$142),H27) -> 76518 | J27: 42190 | K27: =IF(J27="","N/A",J27) -> 42190 | L27: 2 | M27: =IF(L27="",2,L27) -> 2 | N27: Female | O27: =IF(N27="","Female",N27) -> Female | P27: user68@example.com
A28: EMP1027 | B28: Alice Brown | C28: =IF(B28="","Unknown",B28) -> Alice Brown | D28: IT | E28: =IF(D28="","Marketing",D28) -> IT | F28: UK | G28: =IF(F28="","India",F28) -> UK | H28: 41448 | I28: =IF(H28="N/A",AVERAGEIF($E$2:$E$142,E28,$H$2:$H$142),H28) -> 41448 | J28: 42197 | K28: =IF(J28="","N/A",J28) -> 42197 | L28: 3 | M28: =IF(L28="",2,L28) -> 3 | N28: Other | O28: =IF(N28="","Female",N28) -> Other | P28: user103@example.com
A29: EMP1028 | B29: John Doe | C29: =IF(B29="","Unknown",B29) -> John Doe | D29: HR | E29: =IF(D29="","Marketing",D29) -> HR | F29: UK | G29: =IF(F29="","India",F29) -> UK | H29: 49282 | I29: =IF(H29="N/A",AVERAGEIF($E$2:$E$142,E29,$H$2:$H$142),H29) -> 49282 | J29: 42204 | K29: =IF(J29="","N/A",J29) -> 42204 | L29: 2 | M29: =IF(L29="",2,L29) -> 2 | N29: Female | O29: =IF(N29="","Female",N29) -> Female | P29: user135@example.com
A30: EMP1029 | B30: Bob Johnson | C30: =IF(B30="","Unknown",B30) -> Bob Johnson | D30: Marketing | E30: =IF(D30="","Marketing",D30) -> Marketing | F30: UK | G30: =IF(F30="","India",F30) -> UK | H30: 92959 | I30: =IF(H30="N/A",AVERAGEIF($E$2:$E$142,E30,$H$2:$H$142),H30) -> 92959 | J30: 42211 | K30: =IF(J30="","N/A",J30) -> 42211 | L30: 5 | M30: =IF(L30="",2,L30) -> 5 | O30: =IF(N30="","Female",N30) -> Female | P30: user83@example.com
A31: EMP1031 | B31: Eve Adams | C31: =IF(B31="","Unknown",B31) -> Eve Adams | D31: HR | E31: =IF(D31="","Marketing",D31) -> HR | F31: Germany | G31: =IF(F31="","India",F31) -> Germany | H31: 92299 | I31: =IF(H31="N/A",AVERAGEIF($E$2:$E$142,E31,$H$2:$H$142),H31) -> 92299 | J31: 42225 | K31: =IF(J31="","N/A",J31) -> 42225 | L31: 3 | M31: =IF(L31="",2,L31) -> 3 | N31: Male | O31: =IF(N31="","Female",N31) -> Male | P31: user143@example.com
A32: EMP1032 | B32: Sam Wilson | C32: =IF(B32="","Unknown",B32) -> Sam Wilson | D32: HR | E32: =IF(D32="","Marketing",D32) -> HR | G32: =IF(F32="","India",F32) -> India | H32: 95586 | I32: =IF(H32="N/A",AVERAGEIF($E$2:$E$142,E32,$H$2:$H$142),H32) -> 95586 | J32: 42232 | K32: =IF(J32="","N/A",J32) -> 42232 | L32: 3 | M32: =IF(L32="",2,L32) -> 3 | N32: Other | O32: =IF(N32="","Female",N32) -> Other | P32: user190@example.com
A33: EMP1033 | B33: Chris Lee | C33: =IF(B33="","Unknown",B33) -> Chris Lee | E33: =IF(D33="","Marketing",D33) -> Marketing | F33: USA | G33: =IF(F33="","India",F33) -> USA | H33: 95367 | I33: =IF(H33="N/A",AVERAGEIF($E$2:$E$142,E33,$H$2:$H$142),H33) -> 95367 | J33: 42239 | K33: =IF(J33="","N/A",J33) -> 42239 | M33: =IF(L33="",2,L33) -> 2 | N33: Male | O33: =IF(N33="","Female",N33) -> Male | P33: user136@example.com
A34: EMP1034 | B34: John Doe | C34: =IF(B34="","Unknown",B34) -> John Doe | D34: Sales | E34: =IF(D34="","Marketing",D34) -> Sales | F34: Australia | G34: =IF(F34="","India",F34) -> Australia | H34: 79549 | I34: =IF(H34="N/A",AVERAGEIF($E$2:$E$142,E34,$H$2:$H$142),H34) -> 79549 | J34: 42246 | K34: =IF(J34="","N/A",J34) -> 42246 | L34: 3 | M34: =IF(L34="",2,L34) -> 3 | O34: =IF(N34="","Female",N34) -> Female | P34: user198@example.com
A35: EMP1035 | B35: Alice Brown | C35: =IF(B35="","Unknown",B35) -> Alice Brown | E35: =IF(D35="","Marketing",D35) -> Marketing | F35: UK | G35: =IF(F35="","India",F35) -> UK | H35: 54463 | I35: =IF(H35="N/A",AVERAGEIF($E$2:$E$142,E35,$H$2:$H$142),H35) -> 54463 | J35: 42253 | K35: =IF(J35="","N/A",J35) -> 42253 | L35: 4 | M35: =IF(L35="",2,L35) -> 4 | N35: Male | O35: =IF(N35="","Female",N35) -> Male | P35: invalid_email
A36: EMP1036 | B36: Alice Brown | C36: =IF(B36="","Unknown",B36) -> Alice Brown | D36: IT | E36: =IF(D36="","Marketing",D36) -> IT | F36: USA | G36: =IF(F36="","India",F36) -> USA | H36: 89781 | I36: =IF(H36="N/A",AVERAGEIF($E$2:$E$142,E36,$H$2:$H$142),H36) -> 89781 | J36: 42260 | K36: =IF(J36="","N/A",J36) -> 42260 | M36: =IF(L36="",2,L36) -> 2 | N36: Female | O36: =IF(N36="","Female",N36) -> Female | P36: user31@example.com
A37: EMP1037 | B37: Alice Brown | C37: =IF(B37="","Unknown",B37) -> Alice Brown | D37: HR | E37: =IF(D37="","Marketing",D37) -> HR | G37: =IF(F37="","India",F37) -> India | H37: 64796 | I37: =IF(H37="N/A",AVERAGEIF($E$2:$E$142,E37,$H$2:$H$142),H37) -> 64796 | J37: 42267 | K37: =IF(J37="","N/A",J37) -> 42267 | M37: =IF(L37="",2,L37) -> 2 | N37: Other | O37: =IF(N37="","Female",N37) -> Other | P37: user98@example.com
A38: EMP1038 | B38: John Doe | C38: =IF(B38="","Unknown",B38) -> John Doe | D38: Marketing | E38: =IF(D38="","Marketing",D38) -> Marketing | F38: UK | G38: =IF(F38="","India",F38) -> UK | H38: 52093 | I38: =IF(H38="N/A",AVERAGEIF($E$2:$E$142,E38,$H$2:$H$142),H38) -> 52093 | J38: 42274 | K38: =IF(J38="","N/A",J38) -> 42274 | L38: 5 | M38: =IF(L38="",2,L38) -> 5 | O38: =IF(N38="","Female",N38) -> Female | P38: user154@example.com
A39: EMP1039 | B39: Chris Lee | C39: =IF(B39="","Unknown",B39) -> Chris Lee | D39: HR | E39: =IF(D39="","Marketing",D39) -> HR | F39: UK | G39: =IF(F39="","India",F39) -> UK | H39: 48224 | I39: =IF(H39="N/A",AVERAGEIF($E$2:$E$142,E39,$H$2:$H$142),H39) -> 48224 | J39: 42281 | K39: =IF(J39="","N/A",J39) -> 42281 | L39: 3 | M39: =IF(L39="",2,L39) -> 3 | O39: =IF(N39="","Female",N39) -> Female | P39: user42@example.com
A40: EMP1041 | B40: Alice Brown | C40: =IF(B40="","Unknown",B40) -> Alice Brown | D40: IT | E40: =IF(D40="","Marketing",D40) -> IT | F40: Germany | G40: =IF(F40="","India",F40) -> Germany | H40: 33956 | I40: =IF(H40="N/A",AVERAGEIF($E$2:$E$142,E40,$H$2:$H$142),H40) -> 33956 | J40: 42295 | K40: =IF(J40="","N/A",J40) -> 42295 | M40: =IF(L40="",2,L40) -> 2 | O40: =IF(N40="","Female",N40) -> Female | P40: user47@example.com
A41: EMP1042 | B41: Bob Johnson | C41: =IF(B41="","Unknown",B41) -> Bob Johnson | E41: =IF(D41="","Marketing",D41) -> Marketing | F41: Australia | G41: =IF(F41="","India",F41) -> Australia | H41: 64913 | I41: =IF(H41="N/A",AVERAGEIF($E$2:$E$142,E41,$H$2:$H$142),H41) -> 64913 | J41: 42302 | K41: =IF(J41="","N/A",J41) -> 42302 | L41: 1 | M41: =IF(L41="",2,L41) -> 1 | N41: Female | O41: =IF(N41="","Female",N41) -> Female | P41: user175@example.com
A42: EMP1043 | B42: Alice Brown | C42: =IF(B42="","Unknown",B42) -> Alice Brown | D42: Marketing | E42: =IF(D42="","Marketing",D42) -> Marketing | F42: Australia | G42: =IF(F42="","India",F42) -> Australia | H42: 35326 | I42: =IF(H42="N/A",AVERAGEIF($E$2:$E$142,E42,$H$2:$H$142),H42) -> 35326 | J42: 42309 | K42: =IF(J42="","N/A",J42) -> 42309 | M42: =IF(L42="",2,L42) -> 2 | N42: Female | O42: =IF(N42="","Female",N42) -> Female | P42: user57@example.com
A43: EMP1044 | B43: Chris Lee | C43: =IF(B43="","Unknown",B43) -> Chris Lee | D43: Finance | E43: =IF(D43="","Marketing",D43) -> Finance | G43: =IF(F43="","India",F43) -> India | H43: 81610 | I43: =IF(H43="N/A",AVERAGEIF($E$2:$E$142,E43,$H$2:$H$142),H43) -> 81610 | J43: 42316 | K43: =IF(J43="","N/A",J43) -> 42316 | L43: 1 | M43: =IF(L43="",2,L43) -> 1 | O43: =IF(N43="","Female",N43) -> Female | P43: user20@example.com
A44: EMP1045 | C44: =IF(B44="","Unknown",B44) -> Unknown | D44: HR | E44: =IF(D44="","Marketing",D44) -> HR | G44: =IF(F44="","India",F44) -> India | H44: 58962 | I44: =IF(H44="N/A",AVERAGEIF($E$2:$E$142,E44,$H$2:$H$142),H44) -> 58962 | J44: 42323 | K44: =IF(J44="","N/A",J44) -> 42323 | L44: 3 | M44: =IF(L44="",2,L44) -> 3 | N44: Other | O44: =IF(N44="","Female",N44) -> Other | P44: user106@example.com
A45: EMP1046 | B45: Chris Lee | C45: =IF(B45="","Unknown",B45) -> Chris Lee | D45: IT | E45: =IF(D45="","Marketing",D45) -> IT | F45: Germany | G45: =IF(F45="","India",F45) -> Germany | H45: 92701 | I45: =IF(H45="N/A",AVERAGEIF($E$2:$E$142,E45,$H$2:$H$142),H45) -> 92701 | J45: 42330 | K45: =IF(J45="","N/A",J45) -> 42330 | L45: 3 | M45: =IF(L45="",2,L45) -> 3 | N45: Other | O45: =IF(N45="","Female",N45) -> Other | P45: user199@example.com
A46: EMP1047 | B46: Chris Lee | C46: =IF(B46="","Unknown",B46) -> Chris Lee | D46: HR | E46: =IF(D46="","Marketing",D46) -> HR | F46: India | G46: =IF(F46="","India",F46) -> India | H46: 58245 | I46: =IF(H46="N/A",AVERAGEIF($E$2:$E$142,E46,$H$2:$H$142),H46) -> 58245 | J46: 42337 | K46: =IF(J46="","N/A",J46) -> 42337 | L46: 4 | M46: =IF(L46="",2,L46) -> 4 | O46: =IF(N46="","Female",N46) -> Female | P46: user43@example.com
A47: EMP1048 | B47: John Doe | C47: =IF(B47="","Unknown",B47) -> John Doe | D47: Finance | E47: =IF(D47="","Marketing",D47) -> Finance | G47: =IF(F47="","India",F47) -> India | H47: 66513 | I47: =IF(H47="N/A",AVERAGEIF($E$2:$E$142,E47,$H$2:$H$142),H47) -> 66513 | J47: 42344 | K47: =IF(J47="","N/A",J47) -> 42344 | L47: 2 | M47: =IF(L47="",2,L47) -> 2 | N47: Other | O47: =IF(N47="","Female",N47) -> Other | P47: user24@example.com
A48: EMP1049 | B48: Eve Adams | C48: =IF(B48="","Unknown",B48) -> Eve Adams | D48: HR | E48: =IF(D48="","Marketing",D48) -> HR | F48: Germany | G48: =IF(F48="","India",F48) -> Germany | H48: 78720 | I48: =IF(H48="N/A",AVERAGEIF($E$2:$E$142,E48,$H$2:$H$142),H48) -> 78720 | J48: 42351 | K48: =IF(J48="","N/A",J48) -> 42351 | L48: 5 | M48: =IF(L48="",2,L48) -> 5 | N48: Female | O48: =IF(N48="","Female",N48) -> Female | P48: user89@example.com
A49: EMP1051 | B49: Sam Wilson | C49: =IF(B49="","Unknown",B49) -> Sam Wilson | D49: Sales | E49: =IF(D49="","Marketing",D49) -> Sales | F49: India | G49: =IF(F49="","India",F49) -> India | H49: 39423 | I49: =IF(H49="N/A",AVERAGEIF($E$2:$E$142,E49,$H$2:$H$142),H49) -> 39423 | J49: 42365 | K49: =IF(J49="","N/A",J49) -> 42365 | L49: 5 | M49: =IF(L49="",2,L49) -> 5 | O49: =IF(N49="","Female",N49) -> Female | P49: user59@example.com
A50: EMP1052 | B50: Eve Adams | C50: =IF(B50="","Unknown",B50) -> Eve Adams | D50: Marketing | E50: =IF(D50="","Marketing",D50) -> Marketing | G50: =IF(F50="","India",F50) -> India | H50: 30280 | I50: =IF(H50="N/A",AVERAGEIF($E$2:$E$142,E50,$H$2:$H$142),H50) -> 30280 | J50: 42372 | K50: =IF(J50="","N/A",J50) -> 42372 | L50: 1 | M50: =IF(L50="",2,L50) -> 1 | O50: =IF(N50="","Female",N50) -> Female | P50: user152@example.com
A51: EMP1053 | B51: Eve Adams | C51: =IF(B51="","Unknown",B51) -> Eve Adams | D51: Finance | E51: =IF(D51="","Marketing",D51) -> Finance | F51: UK | G51: =IF(F51="","India",F51) -> UK | H51: 33352 | I51: =IF(H51="N/A",AVERAGEIF($E$2:$E$142,E51,$H$2:$H$142),H51) -> 33352 | J51: 42379 | K51: =IF(J51="","N/A",J51) -> 42379 | L51: 3 | M51: =IF(L51="",2,L51) -> 3 | N51: Female | O51: =IF(N51="","Female",N51) -> Female | P51: user200@example.com
A52: EMP1054 | B52: Bob Johnson | C52: =IF(B52="","Unknown",B52) -> Bob Johnson | D52: Marketing | E52: =IF(D52="","Marketing",D52) -> Marketing | F52: UK | G52: =IF(F52="","India",F52) -> UK | H52: 75633 | I52: =IF(H52="N/A",AVERAGEIF($E$2:$E$142,E52,$H$2:$H$142),H52) -> 75633 | J52: 42386 | K52: =IF(J52="","N/A",J52) -> 42386 | L52: 5 | M52: =IF(L52="",2,L52) -> 5 | N52: Other | O52: =IF(N52="","Female",N52) -> Other | P52: user92@example.com
A53: EMP1055 | B53: Chris Lee | C53: =IF(B53="","Unknown",B53) -> Chris Lee | E53: =IF(D53="","Marketing",D53) -> Marketing | F53: USA | G53: =IF(F53="","India",F53) -> USA | H53: 74815 | I53: =IF(H53="N/A",AVERAGEIF($E$2:$E$142,E53,$H$2:$H$142),H53) -> 74815 | J53: 42393 | K53: =IF(J53="","N/A",J53) -> 42393 | L53: 5 | M53: =IF(L53="",2,L53) -> 5 | N53: Female | O53: =IF(N53="","Female",N53) -> Female | P53: user50@example.com
A54: EMP1056 | B54: John Doe | C54: =IF(B54="","Unknown",B54) -> John Doe | D54: Sales | E54: =IF(D54="","Marketing",D54) -> Sales | F54: Australia | G54: =IF(F54="","India",F54) -> Australia | H54: 60011 | I54: =IF(H54="N/A",AVERAGEIF($E$2:$E$142,E54,$H$2:$H$142),H54) -> 60011 | J54: 42400 | K54: =IF(J54="","N/A",J54) -> 42400 | L54: 1 | M54: =IF(L54="",2,L54) -> 1 | N54: Male | O54: =IF(N54="","Female",N54) -> Male | P54: user63@example.com
A55: EMP1057 | B55: Eve Adams | C55: =IF(B55="","Unknown",B55) -> Eve Adams | E55: =IF(D55="","Marketing",D55) -> Marketing | F55: India | G55: =IF(F55="","India",F55) -> India | H55: 96949 | I55: =IF(H55="N/A",AVERAGEIF($E$2:$E$142,E55,$H$2:$H$142),H55) -> 96949 | J55: 42407 | K55: =IF(J55="","N/A",J55) -> 42407 | L55: 3 | M55: =IF(L55="",2,L55) -> 3 | O55: =IF(N55="","Female",N55) -> Female | P55: user103@example.com
A56: EMP1058 | B56: Sam Wilson | C56: =IF(B56="","Unknown",B56) -> Sam Wilson | D56: Marketing | E56: =IF(D56="","Marketing",D56) -> Marketing | G56: =IF(F56="","India",F56) -> India | H56: 84924 | I56: =IF(H56="N/A",AVERAGEIF($E$2:$E$142,E56,$H$2:$H$142),H56) -> 84924 | J56: 42414 | K56: =IF(J56="","N/A",J56) -> 42414 | L56: 5 | M56: =IF(L56="",2,L56) -> 5 | N56: Male | O56: =IF(N56="","Female",N56) -> Male | P56: user150@example.com
A57: EMP1059 | B57: Sam Wilson | C57: =IF(B57="","Unknown",B57) -> Sam Wilson | D57: Finance | E57: =IF(D57="","Marketing",D57) -> Finance | F57: USA | G57: =IF(F57="","India",F57) -> USA | H57: 82033 | I57: =IF(H57="N/A",AVERAGEIF($E$2:$E$142,E57,$H$2:$H$142),H57) -> 82033 | J57: 42421 | K57: =IF(J57="","N/A",J57) -> 42421 | L57: 1 | M57: =IF(L57="",2,L57) -> 1 | O57: =IF(N57="","Female",N57) -> Female | P57: user20@example.com
A58: EMP1061 | B58: Eve Adams | C58: =IF(B58="","Unknown",B58) -> Eve Adams | E58: =IF(D58="","Marketing",D58) -> Marketing | F58: Australia | G58: =IF(F58="","India",F58) -> Australia | H58: 31499 | I58: =IF(H58="N/A",AVERAGEIF($E$2:$E$142,E58,$H$2:$H$142),H58) -> 31499 | J58: 42435 | K58: =IF(J58="","N/A",J58) -> 42435 | L58: 2 | M58: =IF(L58="",2,L58) -> 2 | O58: =IF(N58="","Female",N58) -> Female | P58: user31@example.com
A59: EMP1062 | B59: Chris Lee | C59: =IF(B59="","Unknown",B59) -> Chris Lee | D59: IT | E59: =IF(D59="","Marketing",D59) -> IT | F59: UK | G59: =IF(F59="","India",F59) -> UK | H59: 97981 | I59: =IF(H59="N/A",AVERAGEIF($E$2:$E$142,E59,$H$2:$H$142),H59) -> 97981 | J59: 42442 | K59: =IF(J59="","N/A",J59) -> 42442 | L59: 5 | M59: =IF(L59="",2,L59) -> 5 | N59: Female | O59: =IF(N59="","Female",N59) -> Female | P59: user71@example.com
A60: EMP1063 | B60: Eve Adams | C60: =IF(B60="","Unknown",B60) -> Eve Adams | D60: HR | E60: =IF(D60="","Marketing",D60) -> HR | F60: USA | G60: =IF(F60="","India",F60) -> USA | H60: 36541 | I60: =IF(H60="N/A",AVERAGEIF($E$2:$E$142,E60,$H$2:$H$142),H60) -> 36541 | J60: 42449 | K60: =IF(J60="","N/A",J60) -> 42449 | L60: 2 | M60: =IF(L60="",2,L60) -> 2 | N60: Other | O60: =IF(N60="","Female",N60) -> Other | P60: user97@example.com
A61: EMP1064 | B61: John Doe | C61: =IF(B61="","Unknown",B61) -> John Doe | D61: IT | E61: =IF(D61="","Marketing",D61) -> IT | F61: India | G61: =IF(F61="","India",F61) -> India | H61: 84737 | I61: =IF(H61="N/A",AVERAGEIF($E$2:$E$142,E61,$H$2:$H$142),H61) -> 84737 | J61: 42456 | K61: =IF(J61="","N/A",J61) -> 42456 | L61: 1 | M61: =IF(L61="",2,L61) -> 1 | N61: Male | O61: =IF(N61="","Female",N61) -> Male | P61: user141@example.com
A62: EMP1065 | B62: Sam Wilson | C62: =IF(B62="","Unknown",B62) -> Sam Wilson | D62: Finance | E62: =IF(D62="","Marketing",D62) -> Finance | F62: India | G62: =IF(F62="","India",F62) -> India | H62: 33468 | I62: =IF(H62="N/A",AVERAGEIF($E$2:$E$142,E62,$H$2:$H$142),H62) -> 33468 | J62: 42463 | K62: =IF(J62="","N/A",J62) -> 42463 | L62: 4 | M62: =IF(L62="",2,L62) -> 4 | N62: Male | O62: =IF(N62="","Female",N62) -> Male | P62: user125@example.com
A63: EMP1066 | B63: Sam Wilson | C63: =IF(B63="","Unknown",B63) -> Sam Wilson | E63: =IF(D63="","Marketing",D63) -> Marketing | F63: Australia | G63: =IF(F63="","India",F63) -> Australia | H63: 96365 | I63: =IF(H63="N/A",AVERAGEIF($E$2:$E$142,E63,$H$2:$H$142),H63) -> 96365 | J63: 42470 | K63: =IF(J63="","N/A",J63) -> 42470 | L63: 3 | M63: =IF(L63="",2,L63) -> 3 | N63: Other | O63: =IF(N63="","Female",N63) -> Other | P63: user90@example.com
A64: EMP1067 | B64: Alice Brown | C64: =IF(B64="","Unknown",B64) -> Alice Brown | D64: Sales | E64: =IF(D64="","Marketing",D64) -> Sales | F64: India | G64: =IF(F64="","India",F64) -> India | H64: 61942 | I64: =IF(H64="N/A",AVERAGEIF($E$2:$E$142,E64,$H$2:$H$142),H64) -> 61942 | J64: 42477 | K64: =IF(J64="","N/A",J64) -> 42477 | L64: 3 | M64: =IF(L64="",2,L64) -> 3 | N64: Female | O64: =IF(N64="","Female",N64) -> Female | P64: user192@example.com
A65: EMP1068 | B65: Sam Wilson | C65: =IF(B65="","Unknown",B65) -> Sam Wilson | D65: Finance | E65: =IF(D65="","Marketing",D65) -> Finance | F65: UK | G65: =IF(F65="","India",F65) -> UK | H65: 41467 | I65: =IF(H65="N/A",AVERAGEIF($E$2:$E$142,E65,$H$2:$H$142),H65) -> 41467 | J65: 42484 | K65: =IF(J65="","N/A",J65) -> 42484 | L65: 2 | M65: =IF(L65="",2,L65) -> 2 | O65: =IF(N65="","Female",N65) -> Female | P65: user77@example.com
A66: EMP1069 | B66: Bob Johnson | C66: =IF(B66="","Unknown",B66) -> Bob Johnson | D66: Finance | E66: =IF(D66="","Marketing",D66) -> Finance | F66: India | G66: =IF(F66="","India",F66) -> India | H66: 77096 | I66: =IF(H66="N/A",AVERAGEIF($E$2:$E$142,E66,$H$2:$H$142),H66) -> 77096 | J66: 42491 | K66: =IF(J66="","N/A",J66) -> 42491 | L66: 1 | M66: =IF(L66="",2,L66) -> 1 | O66: =IF(N66="","Female",N66) -> Female | P66: user65@example.com
A67: EMP1070 | B67: Eve Adams | C67: =IF(B67="","Unknown",B67) -> Eve Adams | D67: Sales | E67: =IF(D67="","Marketing",D67) -> Sales | F67: Australia | G67: =IF(F67="","India",F67) -> Australia | H67: 69952 | I67: =IF(H67="N/A",AVERAGEIF($E$2:$E$142,E67,$H$2:$H$142),H67) -> 69952 | J67: 42498 | K67: =IF(J67="","N/A",J67) -> 42498 | L67: 5 | M67: =IF(L67="",2,L67) -> 5 | N67: Female | O67: =IF(N67="","Female",N67) -> Female | P67: invalid_email
A68: EMP1071 | B68: Eve Adams | C68: =IF(B68="","Unknown",B68) -> Eve Adams | D68: Marketing | E68: =IF(D68="","Marketing",D68) -> Marketing | F68: USA | G68: =IF(F68="","India",F68) -> USA | H68: 85065 | I68: =IF(H68="N/A",AVERAGEIF($E$2:$E$142,E68,$H$2:$H$142),H68) -> 85065 | J68: 42505 | K68: =IF(J68="","N/A",J68) -> 42505 | L68: 3 | M68: =IF(L68="",2,L68) -> 3 | O68: =IF(N68="","Female",N68) -> Female | P68: user142@example.com
A69: EMP1072 | B69: Bob Johnson | C69: =IF(B69="","Unknown",B69) -> Bob Johnson | D69: Marketing | E69: =IF(D69="","Marketing",D69) -> Marketing | F69: India | G69: =IF(F69="","India",F69) -> India | H69: 56512 | I69: =IF(H69="N/A",AVERAGEIF($E$2:$E$142,E69,$H$2:$H$142),H69) -> 56512 | J69: 42512 | K69: =IF(J69="","N/A",J69) -> 42512 | M69: =IF(L69="",2,L69) -> 2 | N69: Other | O69: =IF(N69="","Female",N69) -> Other | P69: user153@example.com
A70: EMP1073 | B70: John Doe | C70: =IF(B70="","Unknown",B70) -> John Doe | D70: Sales | E70: =IF(D70="","Marketing",D70) -> Sales | F70: India | G70: =IF(F70="","India",F70) -> India | H70: 91101 | I70: =IF(H70="N/A",AVERAGEIF($E$2:$E$142,E70,$H$2:$H$142),H70) -> 91101 | J70: 42519 | K70: =IF(J70="","N/A",J70) -> 42519 | L70: 4 | M70: =IF(L70="",2,L70) -> 4 | N70: Female | O70: =IF(N70="","Female",N70) -> Female | P70: user71@example.com
A71: EMP1074 | B71: Sam Wilson | C71: =IF(B71="","Unknown",B71) -> Sam Wilson | E71: =IF(D71="","Marketing",D71) -> Marketing | F71: Germany | G71: =IF(F71="","India",F71) -> Germany | H71: 41243 | I71: =IF(H71="N/A",AVERAGEIF($E$2:$E$142,E71,$H$2:$H$142),H71) -> 41243 | J71: 42526 | K71: =IF(J71="","N/A",J71) -> 42526 | M71: =IF(L71="",2,L71) -> 2 | O71: =IF(N71="","Female",N71) -> Female | P71: user143@example.com
A72: EMP1075 | C72: =IF(B72="","Unknown",B72) -> Unknown | D72: Sales | E72: =IF(D72="","Marketing",D72) -> Sales | G72: =IF(F72="","India",F72) -> India | H72: 96142 | I72: =IF(H72="N/A",AVERAGEIF($E$2:$E$142,E72,$H$2:$H$142),H72) -> 96142 | J72: 42533 | K72: =IF(J72="","N/A",J72) -> 42533 | L72: 1 | M72: =IF(L72="",2,L72) -> 1 | N72: Other | O72: =IF(N72="","Female",N72) -> Other | P72: user17@example.com
A73: EMP1076 | B73: Eve Adams | C73: =IF(B73="","Unknown",B73) -> Eve Adams | D73: IT | E73: =IF(D73="","Marketing",D73) -> IT | F73: India | G73: =IF(F73="","India",F73) -> India | H73: 94301 | I73: =IF(H73="N/A",AVERAGEIF($E$2:$E$142,E73,$H$2:$H$142),H73) -> 94301 | J73: 42540 | K73: =IF(J73="","N/A",J73) -> 42540 | L73: 1 | M73: =IF(L73="",2,L73) -> 1 | N73: Male | O73: =IF(N73="","Female",N73) -> Male | P73: user20@example.com
A74: EMP1077 | B74: Jane Smith | C74: =IF(B74="","Unknown",B74) -> Jane Smith | E74: =IF(D74="","Marketing",D74) -> Marketing | F74: UK | G74: =IF(F74="","India",F74) -> UK | H74: 69166 | I74: =IF(H74="N/A",AVERAGEIF($E$2:$E$142,E74,$H$2:$H$142),H74) -> 69166 | J74: 42547 | K74: =IF(J74="","N/A",J74) -> 42547 | L74: 1 | M74: =IF(L74="",2,L74) -> 1 | N74: Female | O74: =IF(N74="","Female",N74) -> Female | P74: user22@example.com
A75: EMP1078 | B75: Sam Wilson | C75: =IF(B75="","Unknown",B75) -> Sam Wilson | E75: =IF(D75="","Marketing",D75) -> Marketing | F75: UK | G75: =IF(F75="","India",F75) -> UK | H75: 78245 | I75: =IF(H75="N/A",AVERAGEIF($E$2:$E$142,E75,$H$2:$H$142),H75) -> 78245 | J75: 42554 | K75: =IF(J75="","N/A",J75) -> 42554 | L75: 2 | M75: =IF(L75="",2,L75) -> 2 | O75: =IF(N75="","Female",N75) -> Female | P75: user46@example.com
A76: EMP1079 | B76: Chris Lee | C76: =IF(B76="","Unknown",B76) -> Chris Lee | D76: Sales | E76: =IF(D76="","Marketing",D76) -> Sales | F76: USA | G76: =IF(F76="","India",F76) -> USA | H76: 66079 | I76: =IF(H76="N/A",AVERAGEIF($E$2:$E$142,E76,$H$2:$H$142),H76) -> 66079 | J76: 42561 | K76: =IF(J76="","N/A",J76) -> 42561 | L76: 2 | M76: =IF(L76="",2,L76) -> 2 | N76: Other | O76: =IF(N76="","Female",N76) -> Other | P76: user55@example.com
A77: EMP1081 | B77: Jane Smith | C77: =IF(B77="","Unknown",B77) -> Jane Smith | D77: Sales | E77: =IF(D77="","Marketing",D77) -> Sales | F77: USA | G77: =IF(F77="","India",F77) -> USA | H77: 95621 | I77: =IF(H77="N/A",AVERAGEIF($E$2:$E$142,E77,$H$2:$H$142),H77) -> 95621 | J77: 42575 | K77: =IF(J77="","N/A",J77) -> 42575 | L77: 3 | M77: =IF(L77="",2,L77) -> 3 | N77: Female | O77: =IF(N77="","Female",N77) -> Female | P77: user156@example.com
A78: EMP1082 | B78: Eve Adams | C78: =IF(B78="","Unknown",B78) -> Eve Adams | D78: IT | E78: =IF(D78="","Marketing",D78) -> IT | F78: UK | G78: =IF(F78="","India",F78) -> UK | H78: 42262 | I78: =IF(H78="N/A",AVERAGEIF($E$2:$E$142,E78,$H$2:$H$142),H78) -> 42262 | J78: 42582 | K78: =IF(J78="","N/A",J78) -> 42582 | L78: 1 | M78: =IF(L78="",2,L78) -> 1 | O78: =IF(N78="","Female",N78) -> Female | P78: user104@example.com
A79: EMP1083 | B79: Sam Wilson | C79: =IF(B79="","Unknown",B79) -> Sam Wilson | D79: Sales | E79: =IF(D79="","Marketing",D79) -> Sales | F79: India | G79: =IF(F79="","India",F79) -> India | H79: 99621 | I79: =IF(H79="N/A",AVERAGEIF($E$2:$E$142,E79,$H$2:$H$142),H79) -> 99621 | J79: 42589 | K79: =IF(J79="","N/A",J79) -> 42589 | M79: =IF(L79="",2,L79) -> 2 | N79: Other | O79: =IF(N79="","Female",N79) -> Other | P79: user145@example.com
A80: EMP1084 | B80: John Doe | C80: =IF(B80="","Unknown",B80) -> John Doe | D80: Marketing | E80: =IF(D80="","Marketing",D80) -> Marketing | F80: India | G80: =IF(F80="","India",F80) -> India | H80: 44682 | I80: =IF(H80="N/A",AVERAGEIF($E$2:$E$142,E80,$H$2:$H$142),H80) -> 44682 | J80: 42596 | K80: =IF(J80="","N/A",J80) -> 42596 | L80: 4 | M80: =IF(L80="",2,L80) -> 4 | N80: Female | O80: =IF(N80="","Female",N80) -> Female | P80: user47@example.com
A81: EMP1085 | B81: Chris Lee | C81: =IF(B81="","Unknown",B81) -> Chris Lee | D81: Finance | E81: =IF(D81="","Marketing",D81) -> Finance | G81: =IF(F81="","India",F81) -> India | H81: 35163 | I81: =IF(H81="N/A",AVERAGEIF($E$2:$E$142,E81,$H$2:$H$142),H81) -> 35163 | J81: 42603 | K81: =IF(J81="","N/A",J81) -> 42603 | L81: 5 | M81: =IF(L81="",2,L81) -> 5 | N81: Other | O81: =IF(N81="","Female",N81) -> Other | P81: user197@example.com
A82: EMP1086 | B82: Chris Lee | C82: =IF(B82="","Unknown",B82) -> Chris Lee | D82: IT | E82: =IF(D82="","Marketing",D82) -> IT | F82: India | G82: =IF(F82="","India",F82) -> India | H82: 33483 | I82: =IF(H82="N/A",AVERAGEIF($E$2:$E$142,E82,$H$2:$H$142),H82) -> 33483 | J82: 42610 | K82: =IF(J82="","N/A",J82) -> 42610 | L82: 4 | M82: =IF(L82="",2,L82) -> 4 | N82: Male | O82: =IF(N82="","Female",N82) -> Male | P82: user177@example.com
A83: EMP1087 | B83: Sam Wilson | C83: =IF(B83="","Unknown",B83) -> Sam Wilson | D83: HR | E83: =IF(D83="","Marketing",D83) -> HR | F83: Germany | G83: =IF(F83="","India",F83) -> Germany | H83: 55303 | I83: =IF(H83="N/A",AVERAGEIF($E$2:$E$142,E83,$H$2:$H$142),H83) -> 55303 | J83: 42617 | K83: =IF(J83="","N/A",J83) -> 42617 | L83: 4 | M83: =IF(L83="",2,L83) -> 4 | N83: Male | O83: =IF(N83="","Female",N83) -> Male | P83: user149@example.com
A84: EMP1088 | B84: Chris Lee | C84: =IF(B84="","Unknown",B84) -> Chris Lee | D84: IT | E84: =IF(D84="","Marketing",D84) -> IT | G84: =IF(F84="","India",F84) -> India | H84: 63434 | I84: =IF(H84="N/A",AVERAGEIF($E$2:$E$142,E84,$H$2:$H$142),H84) -> 63434 | J84: 42624 | K84: =IF(J84="","N/A",J84) -> 42624 | L84: 3 | M84: =IF(L84="",2,L84) -> 3 | O84: =IF(N84="","Female",N84) -> Female | P84: user48@example.com
A85: EMP1089 | B85: Jane Smith | C85: =IF(B85="","Unknown",B85) -> Jane Smith | E85: =IF(D85="","Marketing",D85) -> Marketing | F85: Australia | G85: =IF(F85="","India",F85) -> Australia | H85: 38830 | I85: =IF(H85="N/A",AVERAGEIF($E$2:$E$142,E85,$H$2:$H$142),H85) -> 38830 | J85: 42631 | K85: =IF(J85="","N/A",J85) -> 42631 | L85: 3 | M85: =IF(L85="",2,L85) -> 3 | N85: Other | O85: =IF(N85="","Female",N85) -> Other | P85: user149@example.com
A86: EMP1090 | C86: =IF(B86="","Unknown",B86) -> Unknown | D86: Marketing | E86: =IF(D86="","Marketing",D86) -> Marketing | F86: UK | G86: =IF(F86="","India",F86) -> UK | H86: 50741 | I86: =IF(H86="N/A",AVERAGEIF($E$2:$E$142,E86,$H$2:$H$142),H86) -> 50741 | J86: 42638 | K86: =IF(J86="","N/A",J86) -> 42638 | L86: 3 | M86: =IF(L86="",2,L86) -> 3 | N86: Unknown | O86: =IF(N86="","Female",N86) -> Unknown | P86: user65@example.com
A87: EMP1091 | B87: Alice Brown | C87: =IF(B87="","Unknown",B87) -> Alice Brown | D87: HR | E87: =IF(D87="","Marketing",D87) -> HR | F87: Australia | G87: =IF(F87="","India",F87) -> Australia | H87: 69420 | I87: =IF(H87="N/A",AVERAGEIF($E$2:$E$142,E87,$H$2:$H$142),H87) -> 69420 | J87: 42645 | K87: =IF(J87="","N/A",J87) -> 42645 | L87: 1 | M87: =IF(L87="",2,L87) -> 1 | N87: Male | O87: =IF(N87="","Female",N87) -> Male | P87: user43@example.com
A88: EMP1092 | B88: Jane Smith | C88: =IF(B88="","Unknown",B88) -> Jane Smith | D88: IT | E88: =IF(D88="","Marketing",D88) -> IT | G88: =IF(F88="","India",F88) -> India | H88: 80588 | I88: =IF(H88="N/A",AVERAGEIF($E$2:$E$142,E88,$H$2:$H$142),H88) -> 80588 | J88: 42652 | K88: =IF(J88="","N/A",J88) -> 42652 | L88: 5 | M88: =IF(L88="",2,L88) -> 5 | N88: Male | O88: =IF(N88="","Female",N88) -> Male | P88: user98@example.com
A89: EMP1093 | B89: Alice Brown | C89: =IF(B89="","Unknown",B89) -> Alice Brown | E89: =IF(D89="","Marketing",D89) -> Marketing | F89: USA | G89: =IF(F89="","India",F89) -> USA | H89: 76238 | I89: =IF(H89="N/A",AVERAGEIF($E$2:$E$142,E89,$H$2:$H$142),H89) -> 76238 | J89: 42659 | K89: =IF(J89="","N/A",J89) -> 42659 | L89: 4 | M89: =IF(L89="",2,L89) -> 4 | N89: Male | O89: =IF(N89="","Female",N89) -> Male | P89: user102@example.com
A90: EMP1094 | B90: Bob Johnson | C90: =IF(B90="","Unknown",B90) -> Bob Johnson | D90: IT | E90: =IF(D90="","Marketing",D90) -> IT | F90: India | G90: =IF(F90="","India",F90) -> India | H90: 33264 | I90: =IF(H90="N/A",AVERAGEIF($E$2:$E$142,E90,$H$2:$H$142),H90) -> 33264 | J90: 42666 | K90: =IF(J90="","N/A",J90) -> 42666 | M90: =IF(L90="",2,L90) -> 2 | N90: Female | O90: =IF(N90="","Female",N90) -> Female | P90: user148@example.com
A91: EMP1095 | B91: Alice Brown | C91: =IF(B91="","Unknown",B91) -> Alice Brown | D91: Finance | E91: =IF(D91="","Marketing",D91) -> Finance | F91: Australia | G91: =IF(F91="","India",F91) -> Australia | H91: 96101 | I91: =IF(H91="N/A",AVERAGEIF($E$2:$E$142,E91,$H$2:$H$142),H91) -> 96101 | J91: 42673 | K91: =IF(J91="","N/A",J91) -> 42673 | M91: =IF(L91="",2,L91) -> 2 | N91: Other | O91: =IF(N91="","Female",N91) -> Other | P91: user155@example.com
A92: EMP1096 | B92: Jane Smith | C92: =IF(B92="","Unknown",B92) -> Jane Smith | D92: Finance | E92: =IF(D92="","Marketing",D92) -> Finance | F92: USA | G92: =IF(F92="","India",F92) -> USA | H92: 72939 | I92: =IF(H92="N/A",AVERAGEIF($E$2:$E$142,E92,$H$2:$H$142),H92) -> 72939 | J92: 42680 | K92: =IF(J92="","N/A",J92) -> 42680 | L92: 3 | M92: =IF(L92="",2,L92) -> 3 | O92: =IF(N92="","Female",N92) -> Female | P92: user191@example.com
A93: EMP1097 | B93: Sam Wilson | C93: =IF(B93="","Unknown",B93) -> Sam Wilson | D93: HR | E93: =IF(D93="","Marketing",D93) -> HR | F93: Germany | G93: =IF(F93="","India",F93) -> Germany | H93: 89333 | I93: =IF(H93="N/A",AVERAGEIF($E$2:$E$142,E93,$H$2:$H$142),H93) -> 89333 | J93: 42687 | K93: =IF(J93="","N/A",J93) -> 42687 | L93: 1 | M93: =IF(L93="",2,L93) -> 1 | N93: Male | O93: =IF(N93="","Female",N93) -> Male | P93: user113@example.com
A94: EMP1098 | B94: Bob Johnson | C94: =IF(B94="","Unknown",B94) -> Bob Johnson | D94: IT | E94: =IF(D94="","Marketing",D94) -> IT | F94: Australia | G94: =IF(F94="","India",F94) -> Australia | H94: 70470 | I94: =IF(H94="N/A",AVERAGEIF($E$2:$E$142,E94,$H$2:$H$142),H94) -> 70470 | J94: 42694 | K94: =IF(J94="","N/A",J94) -> 42694 | M94: =IF(L94="",2,L94) -> 2 | N94: Male | O94: =IF(N94="","Female",N94) -> Male | P94: user62@example.com
A95: EMP1099 | B95: Eve Adams | C95: =IF(B95="","Unknown",B95) -> Eve Adams | D95: Marketing | E95: =IF(D95="","Marketing",D95) -> Marketing | F95: USA | G95: =IF(F95="","India",F95) -> USA | H95: 70096 | I95: =IF(H95="N/A",AVERAGEIF($E$2:$E$142,E95,$H$2:$H$142),H95) -> 70096 | J95: 42701 | K95: =IF(J95="","N/A",J95) -> 42701 | L95: 4 | M95: =IF(L95="",2,L95) -> 4 | N95: Male | O95: =IF(N95="","Female",N95) -> Male | P95: user76@example.com
A96: EMP1100 | B96: Bob Johnson | C96: =IF(B96="","Unknown",B96) -> Bob Johnson | D96: Marketing | E96: =IF(D96="","Marketing",D96) -> Marketing | G96: =IF(F96="","India",F96) -> India | H96: N/A | I96: =IF(H96="N/A",AVERAGEIF($E$2:$E$142,E96,$H$2:$H$142),H96) -> 65221.958 | J96: 42708 | K96: =IF(J96="","N/A",J96) -> 42708 | L96: 2 | M96: =IF(L96="",2,L96) -> 2 | N96: Other | O96: =IF(N96="","Female",N96) -> Other | P96: user40@example.com
A97: EMP1101 | B97: Bob Johnson | C97: =IF(B97="","Unknown",B97) -> Bob Johnson | D97: IT | E97: =IF(D97="","Marketing",D97) -> IT | F97: Germany | G97: =IF(F97="","India",F97) -> Germany | H97: 66503 | I97: =IF(H97="N/A",AVERAGEIF($E$2:$E$142,E97,$H$2:$H$142),H97) -> 66503 | J97: 42715 | K97: =IF(J97="","N/A",J97) -> 42715 | M97: =IF(L97="",2,L97) -> 2 | N97: Male | O97: =IF(N97="","Female",N97) -> Male | P97: user200@example.com
A98: EMP1102 | B98: Alice Brown | C98: =IF(B98="","Unknown",B98) -> Alice Brown | D98: HR | E98: =IF(D98="","Marketing",D98) -> HR | F98: Germany | G98: =IF(F98="","India",F98) -> Germany | H98: 42096 | I98: =IF(H98="N/A",AVERAGEIF($E$2:$E$142,E98,$H$2:$H$142),H98) -> 42096 | J98: 42722 | K98: =IF(J98="","N/A",J98) -> 42722 | M98: =IF(L98="",2,L98) -> 2 | N98: Female | O98: =IF(N98="","Female",N98) -> Female | P98: user54@example.com
A99: EMP1103 | B99: Alice Brown | C99: =IF(B99="","Unknown",B99) -> Alice Brown | D99: Marketing | E99: =IF(D99="","Marketing",D99) -> Marketing | G99: =IF(F99="","India",F99) -> India | H99: 79145 | I99: =IF(H99="N/A",AVERAGEIF($E$2:$E$142,E99,$H$2:$H$142),H99) -> 79145 | J99: 42729 | K99: =IF(J99="","N/A",J99) -> 42729 | L99: 5 | M99: =IF(L99="",2,L99) -> 5 | N99: Other | O99: =IF(N99="","Female",N99) -> Other | P99: user20@example.com
A100: EMP1104 | B100: Jane Smith | C100: =IF(B100="","Unknown",B100) -> Jane Smith | E100: =IF(D100="","Marketing",D100) -> Marketing | F100: Australia | G100: =IF(F100="","India",F100) -> Australia | H100: 61556 | I100: =IF(H100="N/A",AVERAGEIF($E$2:$E$142,E100,$H$2:$H$142),H100) -> 61556 | J100: 42736 | K100: =IF(J100="","N/A",J100) -> 42736 | L100: 1 | M100: =IF(L100="",2,L100) -> 1 | O100: =IF(N100="","Female",N100) -> Female | P100: user40@example.com
...

Sheet Data_Cleaned
A1: Employee Id | B1: Name | C1: Department | D1: Country | E1: Salary | F1: Date Of Joining | G1: Performance Rating | H1: Gender | I1: Email
A2: EMP1001 | B2: =VLOOKUP(A2,'Data Cleaning'!$A$2:$P$142,3,FALSE) -> Eve Adams | C2: =VLOOKUP(A2,'Data Cleaning'!$A$2:$P$142,5,FALSE) -> HR | D2: =VLOOKUP(A2,'Data Cleaning'!$A$2:$P$142,7,FALSE) -> Germany | E2: =VLOOKUP(A2,'Data Cleaning'!$A$2:$P$142,9,FALSE) -> 54255 | F2: =VLOOKUP(A2,'Data Cleaning'!$A$2:$P$142,11,FALSE) -> 42015 | G2: =VLOOKUP(A2,'Data Cleaning'!$A$2:$P$142,13,FALSE) -> 1 | H2: =VLOOKUP(A2,'Data Cleaning'!$A$2:$P$142,15,FALSE) -> Other | I2: =VLOOKUP(A2,'Data Cleaning'!$A$2:$P$142,16,FALSE) -> user106@example.com
A3: EMP1002 | B3: =VLOOKUP(A3,'Data Cleaning'!$A$2:$P$142,3,FALSE) -> Alice Brown | C3: =VLOOKUP(A3,'Data Cleaning'!$A$2:$P$142,5,FALSE) -> Finance | D3: =VLOOKUP(A3,'Data Cleaning'!$A$2:$P$142,7,FALSE) -> Germany | E3: =VLOOKUP(A3,'Data Cleaning'!$A$2:$P$142,9,FALSE) -> 63184 | F3: =VLOOKUP(A3,'Data Cleaning'!$A$2:$P$142,11,FALSE) -> 42022 | G3: =VLOOKUP(A3,'Data Cleaning'!$A$2:$P$142,13,FALSE) -> 2 | H3: =VLOOKUP(A3,'Data Cleaning'!$A$2:$P$142,15,FALSE) -> Female | I3: =VLOOKUP(A3,'Data Cleaning'!$A$2:$P$142,16,FALSE) -> user176@example.com
A4: EMP1003 | B4: =VLOOKUP(A4,'Data Cleaning'!$A$2:$P$142,3,FALSE) -> John Doe | C4: =VLOOKUP(A4,'Data Cleaning'!$A$2:$P$142,5,FALSE) -> Sales | D4: =VLOOKUP(A4,'Data Cleaning'!$A$2:$P$142,7,FALSE) -> USA | E4: =VLOOKUP(A4,'Data Cleaning'!$A$2:$P$142,9,FALSE) -> 94406 | F4: =VLOOKUP(A4,'Data Cleaning'!$A$2:$P$142,11,FALSE) -> 42029 | G4: =VLOOKUP(A4,'Data Cleaning'!$A$2:$P$142,13,FALSE) -> 1 | H4: =VLOOKUP(A4,'Data Cleaning'!$A$2:$P$142,15,FALSE) -> Male | I4: =VLOOKUP(A4,'Data Cleaning'!$A$2:$P$142,16,FALSE) -> user168@example.com
A5: EMP1004 | B5: =VLOOKUP(A5,'Data Cleaning'!$A$2:$P$142,3,FALSE) -> Jane Smith | C5: =VLOOKUP(A5,'Data Cleaning'!$A$2:$P$142,5,FALSE) -> Sales | D5: =VLOOKUP(A5,'Data Cleaning'!$A$2:$P$142,7,FALSE) -> Germany | E5: =VLOOKUP(A5,'Data Cleaning'!$A$2:$P$142,9,FALSE) -> 64120 | F5: =VLOOKUP(A5,'Data Cleaning'!$A$2:$P$142,11,FALSE) -> 42036 | G5: =VLOOKUP(A5,'Data Cleaning'!$A$2:$P$142,13,FALSE) -> 1 | H5: =VLOOKUP(A5,'Data Cleaning'!$A$2:$P$142,15,FALSE) -> Male | I5: =VLOOKUP(A5,'Data Cleaning'!$A$2:$P$142,16,FALSE) -> user49@example.com
A6: EMP1005 | B6: =VLOOKUP(A6,'Data Cleaning'!$A$2:$P$142,3,FALSE) -> Alice Brown | C6: =VLOOKUP(A6,'Data Cleaning'!$A$2:$P$142,5,FALSE) -> IT | D6: =VLOOKUP(A6,'Data Cleaning'!$A$2:$P$142,7,FALSE) -> India | E6: =VLOOKUP(A6,'Data Cleaning'!$A$2:$P$142,9,FALSE) -> 78421 | F6: =VLOOKUP(A6,'Data Cleaning'!$A$2:$P$142,11,FALSE) -> 42043 | G6: =VLOOKUP(A6,'Data Cleaning'!$A$2:$P$142,13,FALSE) -> 2 | H6: =VLOOKUP(A6,'Data Cleaning'!$A$2:$P$142,15,FALSE) -> Female | I6: =VLOOKUP(A6,'Data Cleaning'!$A$2:$P$142,16,FALSE) -> user24@example.com
A7: EMP1006 | B7: =VLOOKUP(A7,'Data Cleaning'!$A$2:$P$142,3,FALSE) -> Sam Wilson | C7: =VLOOKUP(A7,'Data Cleaning'!$A$2:$P$142,5,FALSE) -> Sales | D7: =VLOOKUP(A7,'Data Cleaning'!$A$2:$P$142,7,FALSE) -> India | E7: =VLOOKUP(A7,'Data Cleaning'!$A$2:$P$142,9,FALSE) -> 67721 | F7: =VLOOKUP(A7,'Data Cleaning'!$A$2:$P$142,11,FALSE) -> 42050 | G7: =VLOOKUP(A7,'Data Cleaning'!$A$2:$P$142,13,FALSE) -> 2 | H7: =VLOOKUP(A7,'Data Cleaning'!$A$2:$P$142,15,FALSE) -> Male | I7: =VLOOKUP(A7,'Data Cleaning'!$A$2:$P$142,16,FALSE) -> user168@example.com
A8: EMP1007 | B8: =VLOOKUP(A8,'Data Cleaning'!$A$2:$P$142,3,FALSE) -> Chris Lee | C8: =VLOOKUP(A8,'Data Cleaning'!$A$2:$P$142,5,FALSE) -> Marketing | D8: =VLOOKUP(A8,'Data Cleaning'!$A$2:$P$142,7,FALSE) -> India | E8: =VLOOKUP(A8,'Data Cleaning'!$A$2:$P$142,9,FALSE) -> 35364 | F8: =VLOOKUP(A8,'Data Cleaning'!$A$2:$P$142,11,FALSE) -> 42057 | G8: =VLOOKUP(A8,'Data Cleaning'!$A$2:$P$142,13,FALSE) -> 2 | H8: =VLOOKUP(A8,'Data Cleaning'!$A$2:$P$142,15,FALSE) -> Other | I8: =VLOOKUP(A8,'Data Cleaning'!$A$2:$P$142,16,FALSE) -> user26@example.com
A9: EMP1008 | B9: =VLOOKUP(A9,'Data Cleaning'!$A$2:$P$142,3,FALSE) -> Alice Brown | C9: =VLOOKUP(A9,'Data Cleaning'!$A$2:$P$142,5,FALSE) -> IT | D9: =VLOOKUP(A9,'Data Cleaning'!$A$2:$P$142,7,FALSE) -> Germany | E9: =VLOOKUP(A9,'Data Cleaning'!$A$2:$P$142,9,FALSE) -> 97881 | F9: =VLOOKUP(A9,'Data Cleaning'!$A$2:$P$142,11,FALSE) -> 42064 | G9: =VLOOKUP(A9,'Data Cleaning'!$A$2:$P$142,13,FALSE) -> 2 | H9: =VLOOKUP(A9,'Data Cleaning'!$A$2:$P$142,15,FALSE) -> Female | I9: =VLOOKUP(A9,'Data Cleaning'!$A$2:$P$142,16,FALSE) -> user25@example.com
A10: EMP1009 | B10: =VLOOKUP(A10,'Data Cleaning'!$A$2:$P$142,3,FALSE) -> Chris Lee | C10: =VLOOKUP(A10,'Data Cleaning'!$A$2:$P$142,5,FALSE) -> HR | D10: =VLOOKUP(A10,'Data Cleaning'!$A$2:$P$142,7,FALSE) -> UK | E10: =VLOOKUP(A10,'Data Cleaning'!$A$2:$P$142,9,FALSE) -> 91846 | F10: =VLOOKUP(A10,'Data Cleaning'!$A$2:$P$142,11,FALSE) -> 42071 | G10: =VLOOKUP(A10,'Data Cleaning'!$A$2:$P$142,13,FALSE) -> 2 | H10: =VLOOKUP(A10,'Data Cleaning'!$A$2:$P$142,15,FALSE) -> Male | I10: =VLOOKUP(A10,'Data Cleaning'!$A$2:$P$142,16,FALSE) -> user153@example.com
A11: EMP1010 | B11: =VLOOKUP(A11,'Data Cleaning'!$A$2:$P$142,3,FALSE) -> Sam Wilson | C11: =VLOOKUP(A11,'Data Cleaning'!$A$2:$P$142,5,FALSE) -> Finance | D11: =VLOOKUP(A11,'Data Cleaning'!$A$2:$P$142,7,FALSE) -> UK | E11: =VLOOKUP(A11,'Data Cleaning'!$A$2:$P$142,9,FALSE) -> 64247 | F11: =VLOOKUP(A11,'Data Cleaning'!$A$2:$P$142,11,FALSE) -> 42078 | G11: =VLOOKUP(A11,'Data Cleaning'!$A$2:$P$142,13,FALSE) -> 1 | H11: =VLOOKUP(A11,'Data Cleaning'!$A$2:$P$142,15,FALSE) -> Female | I11: =VLOOKUP(A11,'Data Cleaning'!$A$2:$P$142,16,FALSE) -> user18@example.com
A12: EMP1011 | B12: =VLOOKUP(A12,'Data Cleaning'!$A$2:$P$142,3,FALSE) -> Sam Wilson | C12: =VLOOKUP(A12,'Data Cleaning'!$A$2:$P$142,5,FALSE) -> IT | D12: =VLOOKUP(A12,'Data Cleaning'!$A$2:$P$142,7,FALSE) -> USA | E12: =VLOOKUP(A12,'Data Cleaning'!$A$2:$P$142,9,FALSE) -> 91180 | F12: =VLOOKUP(A12,'Data Cleaning'!$A$2:$P$142,11,FALSE) -> 42085 | G12: =VLOOKUP(A12,'Data Cleaning'!$A$2:$P$142,13,FALSE) -> 5 | H12: =VLOOKUP(A12,'Data Cleaning'!$A$2:$P$142,15,FALSE) -> Male | I12: =VLOOKUP(A12,'Data Cleaning'!$A$2:$P$142,16,FALSE) -> user1@example.com
A13: EMP1012 | B13: =VLOOKUP(A13,'Data Cleaning'!$A$2:$P$142,3,FALSE) -> Bob Johnson | C13: =VLOOKUP(A13,'Data Cleaning'!$A$2:$P$142,5,FALSE) -> Sales | D13: =VLOOKUP(A13,'Data Cleaning'!$A$2:$P$142,7,FALSE) -> India | E13: =VLOOKUP(A13,'Data Cleaning'!$A$2:$P$142,9,FALSE) -> 96418 | F13: =VLOOKUP(A13,'Data Cleaning'!$A$2:$P$142,11,FALSE) -> 42092 | G13: =VLOOKUP(A13,'Data Cleaning'!$A$2:$P$142,13,FALSE) -> 5 | H13: =VLOOKUP(A13,'Data Cleaning'!$A$2:$P$142,15,FALSE) -> Male | I13: =VLOOKUP(A13,'Data Cleaning'!$A$2:$P$142,16,FALSE) -> user106@example.com
... A142: EMP1149 | B142: =VLOOKUP(A142,'Data Cleaning'!$A$2:$P$142,3,FALSE) -> Sam Wilson | C142: =VLOOKUP(A142,'Data Cleaning'!$A$2:$P$142,5,FALSE) -> Marketing | D142: =VLOOKUP(A142,'Data Cleaning'!$A$2:$P$142,7,FALSE) -> India | E142: =VLOOKUP(A142,'Data Cleaning'!$A$2:$P$142,9,FALSE) -> 98475 | F142: =VLOOKUP(A142,'Data Cleaning'!$A$2:$P$142,11,FALSE) -> 43051 | G142: =VLOOKUP(A142,'Data Cleaning'!$A$2:$P$142,13,FALSE) -> 5 | H142: =VLOOKUP(A142,'Data Cleaning'!$A$2:$P$142,15,FALSE) -> Other | I142: =VLOOKUP(A142,'Data Cleaning'!$A$2:$P$142,16,FALSE) -> user30@example.com
